ID	landslide	x	y	elevation	slope	relprecip	profcurv	plancurv	aspect_sin	aspect_cos	canopy	treetype	treeheight	treenumber	groundwater	precip	max_precip_3h	deposit_thickness	bedrock2	landforms2	deposit2	LogFlow
2	1	202368.3669	6756325.001	314.7861682	31.026085	165.1369	1.7686465	1.11114645	-0.99732107	0.073148675	93	1	144	1293	1.5384616	149.2426	9.687027	3	2	0	1	5.96100533962327
3	1	158702.483	6784227.36	1116.340327	36.51424	162.49648	-3.4327285	0.636021376	-0.53876984	-0.842453	23	3	54	1466	1.2096775	151.0358	11.322396	3	2	1	4	6.38350663488401
4	1	157124.8049	6784814.33	877.9250366	28.470516	163.10579	0.87960446	-2.930766582	-0.69174397	-0.7221428	65	3	93	1622	1.4772727	150.2709	11.113103	3	2	0	4	5.33753807970132
5	1	215783.8211	6814926.389	711.0321802	39.339016	134.0863	-0.96858424	2.859843493	-0.66502225	-0.74682355	78	2	121	1366	1.3333334	146.715	13.047401	3	4	0	1	12.2416328209287
8	1	195701.4741	6768957.814	526.6651709	26.822685	150.06628	3.1463084	-1.497002244	-0.49022177	-0.87159777	4	3	41	618	1.5357143	130.9881	20.20805	3	4	1	1	6.04025471127741
10	1	192507.7062	6882019.57	908.0766138	41.654655	193.1048	-2.1404665	1.030969262	0.78918356	0.6141574	46	3	72	622	1.6363636	116.616905	10.407009	3	3	0	1	7.93880224815448
12	1	146100.222	6738348.602	513.0887659	36.14168	164.13503	-2.0917852	-4.976580143	0.35880148	0.9334139	29	1	192	694	1.2333333	129.5862	12.386617	2	4	0	1	14.401113172898
13	1	185205.9468	6874587.98	732.175	33.77429	206.59302	2.130799	-3.652638435	-0.5853104	-0.8108093	12	2	62	347	1.6129032	110.226395	9.431188	3	2	1	1	4.24849524204936
14	1	92223.12382	6796488.287	619.1716382	33.93933	144.54945	2.86487	-2.232620239	-0.9413828	0.33734015	4	3	33	374	0.9677419	66.4235	10.390859	2	4	0	1	3.71357206670431
15	1	116166.5882	6792750.292	741.2182935	30.404373	161.6169	0.5025439	2.527006865	0.9922028	-0.12463374	89	3	94	1144	1.075	101.1199	6.050256	1	4	1	5	4.18965474202643
20	1	72052.95694	6733495.653	456.589657	33.870655	98.24401	1.0770906	-1.697787285	-0.76014185	-0.64975715	7	3	35	471	0.875	133.7082	5.0393906	1	4	0	5	7.14361760270412
21	1	72207.94559	6733604.564	667.2342505	38.72905	98.24401	0.6560513	-2.120911598	-0.861808	-0.5072346	3	2	34	157	0.875	133.7082	5.0393906	1	4	0	5	5.46806014113513
22	1	162939.0464	6703022.829	832.7498413	27.423252	126.33488	-1.177233	2.726341248	0.6784166	0.7346774	79	1	161	982	1.1632653	105.534805	6.7180133	3	3	1	1	5.59842195899838
23	1	132917.2676	6739078.191	633.6347876	35.825035	139.7777	0.5000309	-0.012830451	0.012957838	-0.999916	90	3	139	1373	1.2439024	125.4572	12.312826	3	3	0	1	2.77258872223978
24	1	135314.782	6737843.48	672.4332642	33.998604	153.03424	2.6650646	0.423023641	-0.76715326	-0.6414639	25	2	71	665	1.195122	122.8592	12.311441	3	3	1	4	3.8286413964891
25	1	135310.9368	6737821.234	664.4721851	31.043308	153.03424	-1.1377903	-0.668639958	-0.5616306	-0.8273881	73	2	113	1165	1.195122	122.8592	12.311441	3	3	0	4	5.28826703069454
27	1	135582.3014	6737539.725	662.6833057	33.718822	153.03424	-2.7439032	0.08490552	-0.79073375	-0.6121602	48	1	170	1242	1.195122	122.8592	12.311441	3	3	1	4	5.36597601502185
28	1	135794.4364	6737567.357	754.6573071	27.387796	153.03424	1.5863236	-1.376049399	-0.8946249	-0.44681796	85	1	175	425	1.195122	122.8592	12.311441	3	4	1	4	6.15909538849193
29	1	135925.2142	6737073.583	634.148689	32.3228	153.03424	-3.545222	-0.642448545	-0.7663828	-0.6423842	48	1	119	915	1.195122	122.8592	12.311441	3	3	1	1	6.58479139238572
30	1	135947.757	6737049.538	634.8271338	37.515846	153.03424	-2.2072697	-0.020765718	-0.71569514	-0.6984128	62	3	145	806	1.195122	122.8592	12.311441	3	3	1	1	3.09104245335832
31	1	136103.9159	6736820.669	620.8804663	26.091963	157.59856	-1.9857827	5.877586365	-0.9162808	-0.40053645	0	3	0	0	1.2051282	125.8736	12.566909	3	3	1	1	4.04305126783455
32	1	136641.3161	6733648.355	710.6114868	25.395538	163.34615	-0.20511492	-0.934021175	0.2911833	0.9566673	73	2	135	793	1.1627907	129.4801	13.312782	2	4	1	1	6.88141130364254
33	1	137001.7501	6733411.406	753.4032495	24.056767	165.57156	1.840582	-2.122806549	0.36998045	0.92903954	95	1	159	1153	1.1714286	130.55591	13.390434	2	4	1	1	7.47760424319759
34	1	137218.681	6733456.152	703.5150317	25.880215	165.57156	0.81720984	0.31309855	0.29636583	0.9550745	42	1	104	733	1.1714286	130.55591	13.390434	2	4	1	1	4.72738781871234
35	1	137490.6836	6733212.865	737.0706543	35.937836	165.57156	0.80985177	-7.873263359	0.4421862	0.89692324	4	3	41	574	1.1714286	130.55591	13.390434	2	4	1	1	6.82437367004309
36	1	137557.1621	6733285.234	682.1258496	32.231094	165.57156	-0.80198413	0.718767822	0.5695671	0.82194483	40	1	113	934	1.1714286	130.55591	13.390434	2	4	0	1	7.47533923656674
37	1	139211.5883	6732149.561	819.4015625	31.324026	170.69026	0.9641383	-1.087570667	0.38321817	0.92365783	68	1	204	528	1.2162162	134.6765	12.901232	3	4	1	1	5.87773578177964
38	1	139892.6195	6734907.96	749.0889453	41.88049	167.30981	-4.4929047	2.215816021	0.44597882	-0.89504355	57	2	198	155	1.2105263	131.24	13.175376	3	4	1	4	5.2257466737132
39	1	140111.6033	6735033.322	789.105752	38.22389	166.76794	-5.690474	2.596430063	0.65646714	-0.7543546	100	1	200	731	1.2391304	131.4674	12.887094	3	4	0	4	8.06808962627824
40	1	140543.4154	6734984.591	604.9323804	37.390247	168.60074	-1.0690776	2.623764277	0.14627844	-0.98924345	100	2	184	1276	1.1666666	132.3134	12.951334	3	3	0	4	6.12905021006055
41	1	141247.2389	6735522.789	766.3601953	33.416363	167.77109	0.55947214	-1.492988825	0.3362816	-0.9417615	51	1	99	1023	1.1944444	132.1414	12.760153	2	4	1	1	5.07517381523383
42	1	141302.0409	6735563.284	771.7703369	35.291252	167.77109	-0.8940966	1.62663579	-0.21230961	-0.9772025	100	3	124	2405	1.1944444	132.1414	12.760153	2	4	1	1	7.27793857294566
43	1	141322.733	6735560.784	770.4803857	31.406454	167.77109	1.0592566	1.083504677	0.64766634	-0.7619241	100	3	112	2401	1.1944444	132.1414	12.760153	2	4	1	1	5.22035582507832
44	1	142126.1981	6735610.419	580.3633423	31.70519	168.70892	2.5820196	-6.934787273	0.20300347	-0.979178	92	1	237	556	1.1666666	132.59131	12.77733	3	3	0	1	2.83321334405622
45	1	142084.09	6735823.316	711.9237354	33.29857	168.70892	2.5822253	-3.622296095	0.55463415	-0.8320943	81	1	220	582	1.1666666	132.59131	12.77733	2	4	1	1	5.35185813347607
46	1	142209.7262	6735865.602	714.5854248	34.313747	168.70892	-0.5186112	-0.239646345	0.4880615	-0.87280923	23	3	52	916	1.1666666	132.59131	12.77733	2	4	1	1	6.75110146893676
47	1	142270.5575	6736000.932	757.9639014	33.352848	166.5882	2.5484765	-10.21580124	0.4887907	-0.87240106	93	1	245	792	1.2619047	131.2137	12.77733	2	4	1	1	8.38640090116621
48	1	143555.5012	6736643.295	608.9094946	28.995964	167.18472	0.19586945	-1.53395474	0.62571234	-0.78005385	82	1	196	1066	1.1612903	131.7011	12.917786	3	4	0	1	8.01433573729942
49	1	143659.0451	6736938.905	720.5565137	30.632862	167.18472	-0.8651959	0.226679146	0.76507103	-0.64394593	78	1	229	435	1.1612903	131.7011	12.917786	2	4	1	1	6.93634273583405
52	1	144970.2928	6737834.776	693.5702832	28.378695	165.7035	1.0363449	-5.250617981	0.17048539	-0.9853602	9	3	56	538	1.2105263	130.36949	12.894015	2	3	1	1	8.8439036508355
54	1	145544.9238	6738495.258	644.0456567	31.9862	163.80705	1.4805666	-3.306083679	0.99435264	-0.10612628	54	1	93	1328	1.2162162	130.1107	12.583298	2	5	1	1	6.81892406527552
55	1	145718.3649	6738441.572	608.8109814	38.766754	163.80705	0.64084804	0.693719149	0.9175523	0.39761513	95	1	206	1070	1.2162162	130.1107	12.583298	2	5	1	1	4.24849524204936
56	1	145929.0093	6738436.091	569.3059253	36.134495	163.80705	1.7275714	3.713499069	0.7642377	0.64493465	89	1	198	894	1.2162162	130.1107	12.583298	2	5	1	1	3.17805383034795
57	1	146592.8229	6738883.724	611.7666431	31.71814	164.13503	0.3585251	-1.951748371	0.41530246	-0.9096834	65	3	145	984	1.2333333	129.5862	12.386617	2	5	1	1	5.36129216570943
58	1	147039.2838	6738995.415	564.4196362	25.04088	164.43608	4.0647697	-1.134282947	-0.32565325	-0.9454893	100	3	206	1334	1.2413793	129.3439	12.007121	3	5	1	1	11.1911487187476
59	1	147483.6717	6738156.11	456.3218323	35.018368	164.43608	-1.0533704	1.191141367	0.21064469	0.97756267	73	2	77	1354	1.2413793	129.3439	12.007121	3	4	0	1	2.30258509299405
60	1	148831.6729	6738311.039	534.8132153	25.788252	164.52376	1.1651038	0.35747686	-0.13040379	0.991461	0	1	0	0	1.2068965	129.3952	11.627866	3	4	1	1	7.02997291170639
61	1	155563.8922	6739594.98	538.8087598	24.316767	163.67435	-0.27578637	-0.281557858	-0.51026523	0.86001706	89	1	141	1716	1.3793104	126.4685	9.890486	2	4	1	1	6.25766758788264
62	1	148008.7965	6741937.049	554.3651758	30.857084	158.35509	0.12868097	-3.589004517	0.5349436	0.8448878	100	1	160	1975	1.2413793	126.6165	10.833576	3	4	0	1	3.91202300542815
63	1	148050.7669	6741925.154	545.9032422	33.28501	158.35509	2.4266553	-4.519584656	0.56086004	0.82791066	70	1	149	1138	1.2413793	126.6165	10.833576	3	4	0	1	4.72738781871234
64	1	148113.7766	6741898.547	544.3118774	31.483786	158.35509	0.5176008	-1.80945003	0.6616638	0.7498007	79	1	210	618	1.2413793	126.6165	10.833576	3	4	0	1	7.2902928824466
70	1	151003.915	6742242.47	810.1841406	34.396538	157.56065	-2.8171432	4.030571461	0.48619044	-0.8738529	12	1	88	396	1.3333334	122.805	10.060392	2	4	1	1	5.38449506278909
73	1	151359.7992	6742131.053	746.2454663	30.752605	157.56065	1.6762524	-6.463913441	0.16167808	-0.9868435	93	1	187	1429	1.3333334	122.805	10.060392	2	4	1	1	7.48605261786314
77	1	151721.1357	6742257.448	783.626687	21.74344	157.56065	1.4267547	-1.458977699	0.39306918	-0.91950893	0	3	24	1024	1.3333334	122.805	10.060392	2	4	1	1	5.73334127689775
83	1	152505.3436	6742210.361	751.6416455	26.703186	158.03535	-0.7558101	1.020000458	-0.23734537	-0.97142535	15	3	73	457	1.3333334	122.5113	9.8611555	2	4	1	1	7.84384863815247
87	1	152908.4523	6743296.442	818.7743604	31.269583	156.22261	-0.720396	-5.939712524	0.50606966	0.8624926	15	1	69	1317	1.3076923	123.1086	9.533966	3	4	0	1	7.07665381544395
89	1	156670.2982	6742708.329	581.1548315	40.212315	158.73541	0.52384776	0.54145515	-0.6254187	-0.7802893	0	2	0	0	1.3666667	121.5757	9.29128	2	4	1	1	2.19722457733622
90	1	157242.6182	6742422.068	526.4787671	32.77749	158.54976	-0.87681407	1.033986688	-0.74617076	-0.6657546	75	2	151	481	1.3928572	121.6581	8.999378	1	4	0	5	4.30406509320417
93	1	176550.5209	6733188.791	240.6377216	25.152462	151.99406	0.8423287	-1.741768003	-0.72554076	-0.6881792	18	2	90	99	1.8666667	106.3388	10.872482	3	4	0	1	4.27666611901606
94	1	180264.8567	6722940.877	160.9024335	31.830433	135.15411	1.0977955	1.252011895	-0.9959584	0.08981555	32	3	215	836	1.5238096	110.4072	9.609583	3	5	0	1	4.86753445045558
95	1	183322.6181	6718647.391	231.3184698	35.988533	130.39061	1.5018781	-6.683278084	-0.7473444	-0.66443694	100	1	230	1388	1.36	102.1911	11.207912	2	5	0	1	3.49650756146648
96	1	183328.2061	6718620.495	233.3601007	32.11388	130.39061	-0.30974686	-7.407657146	-0.9113667	0.41159534	0	1	0	0	1.36	102.1911	11.207912	2	5	0	1	5.47646355193151
97	1	183325.2175	6718571.548	235.861991	29.71823	130.39061	-4.1866984	4.898149967	-0.9996445	-0.02666204	0	1	0	0	1.36	102.1911	11.207912	2	5	0	1	3.68887945411394
98	1	184371.3188	6719008.894	420.668927	29.683212	131.26337	-5.8961334	13.78992081	-0.20610943	-0.978529	98	1	235	944	1.2432432	103.6855	11.17656	2	4	1	1	6.46769872610435
99	1	184574.1862	6718948.443	456.8399646	31.735998	130.40436	0.46148926	0.504248083	-0.9980898	-0.061779696	90	1	191	997	1.3846154	101.5739	11.17656	2	4	1	1	2.89037175789616
100	1	181928.1914	6714995.509	542.2903784	30.33561	126.58459	-0.80570966	1.924397826	-0.999972	0.007482471	100	1	129	1739	1.2051282	113.483505	11.323307	3	4	0	1	2.56494935746154
101	1	110473.254	6813948.936	184.4603259	35.658825	142.17455	1.7989739	0.705504715	0.7479095	-0.6638007	81	3	111	1007	1.25	95.695	9.908167	3	4	0	4	3.8286413964891
102	1	154103.8818	6797285.505	825.7150781	27.658554	162.71727	0.25653905	1.206363201	-0.62017787	-0.7844612	18	3	63	474	1.25	144.1362	11.840742	2	2	1	1	5.29330482472449
103	1	154864.3932	6795921.732	492.8961475	32.10609	165.05856	0.5335042	-1.460900068	-0.059809104	-0.99820983	100	3	79	3021	1.4	134.1296	12.0676985	3	2	0	4	5.62040086571715
104	1	155273.488	6796258.04	643.438252	38.05471	162.9201	3.4937966	-4.102570534	0.83156365	-0.55542946	100	3	123	2019	1.55	139.1549	11.662279	3	2	0	4	5.93489419561959
109	1	157681.9599	6784498.86	912.2786377	34.301777	163.10579	-1.950932	1.080083609	-0.60980403	-0.79255223	96	3	101	2360	1.4772727	150.2709	11.113103	3	2	0	4	7.93128476152589
112	1	157639.9584	6784791.928	1055.551548	29.26125	163.10579	1.2794186	-0.914175153	-0.13295701	-0.9911218	81	3	82	1553	1.4772727	150.2709	11.113103	3	2	1	4	5.01727983681492
113	1	157612.9859	6784799.158	1050.681616	34.87644	163.10579	0.36421797	-5.264122009	-0.5622922	-0.82693857	95	3	91	2068	1.4772727	150.2709	11.113103	3	2	1	4	6.26149168432104
119	1	157094.7228	6785080.593	1013.11676	33.25225	164.02454	-1.7745615	1.22737205	-0.5113532	-0.85937065	98	3	100	2409	1.2368422	145.3486	11.113103	3	2	1	4	6.02102334934953
120	1	157220.6272	6784832.892	935.2851392	43.55292	163.10579	-1.6644734	-1.082432389	-0.54569227	-0.83798563	84	3	66	2506	1.4772727	150.2709	11.113103	3	2	0	4	7.83201418050547
121	1	156742.8421	6785298.131	947.6838867	34.086716	164.58163	1.6055434	-2.319661856	-0.8446332	-0.5353454	100	3	102	2460	1.4782609	144.7786	11.01506	3	2	0	4	7.32448997934853
122	1	156958.2195	6785503.373	1141.918481	31.329998	164.58163	-2.5248818	-2.795702219	-0.73972875	-0.67290515	71	3	60	1881	1.4782609	144.7786	11.108665	3	2	1	4	7.24208235925696
124	1	174849.9735	6777990.863	969.9928564	20.071754	140.78903	0.8026772	-3.326570749	0.13205245	-0.9912427	67	3	76	1067	1.475	124.37119	13.890063	2	2	1	1	3.04452243772342
125	1	181143.9668	6779086.942	400.6075354	22.516264	133.22557	9.297024	-7.122581005	-0.7491704	-0.6623773	50	3	91	1018	1.3947369	108.9807	16.539566	3	5	0	1	5.71042701737487
127	1	181169.0844	6775220.191	428.636853	22.10075	134.6499	1.9677597	-0.481673837	0.98863405	-0.15034215	98	3	166	1902	1.483871	121.647194	14.600954	3	2	0	1	4.51085950651685
128	1	180638.8042	6774929.61	588.2237964	48.821064	136.155	-3.3919988	9.02624321	0.5791083	-0.81525064	93	2	157	1065	1.4736842	128.8537	14.559746	3	2	0	1	4.83628190695148
129	1	180638.8558	6774860.235	599.2278638	45.44317	136.155	-4.1453943	3.228541374	0.49821597	0.867053	43	1	119	884	1.4736842	128.8537	14.559746	3	2	0	1	6.41017488196617
130	1	180700.0889	6774265.043	777.9582104	25.334114	136.155	-1.9828198	-1.896052241	0.6081268	0.7938399	25	1	113	713	1.4736842	128.8537	14.559746	2	2	1	1	4.81218435537242
131	1	181073.3112	6774425.13	596.2008203	31.00592	135.48828	1.2032033	-6.334589481	0.5937159	0.80467474	70	1	224	604	1.516129	125.9901	14.59325	3	2	0	1	6.02344759296103
132	1	181481.3377	6773962.016	631.5982373	40.196537	136.55725	1.226097	-2.270387411	0.74180424	0.6706165	100	1	209	1519	1.3111111	128.56241	14.585785	3	2	0	1	6.61606518513282
136	1	182373.085	6773273.139	690.3611646	34.85801	136.08037	-0.49465346	-0.548872232	0.5439256	0.83913344	93	1	249	785	1.4054054	125.6312	14.273424	2	2	0	1	7.5999019592085
137	1	184090.0513	6773720.464	414.7837097	31.73206	135.28629	2.300315	-2.087414503	0.7701635	0.6378466	82	1	233	356	1.516129	119.2651	13.862198	2	2	0	1	5.84932477994686
138	1	183616.9171	6771989.11	722.0434912	33.78201	138.59943	1.9352771	0.405374706	0.9700599	-0.24286585	100	1	195	1480	1.3333334	126.5423	13.2555685	3	2	1	1	4.20469261939097
139	1	184722.656	6772134.353	592.2323511	33.107285	136.95203	3.7713447	-17.79649734	-0.36353537	0.93158036	79	2	189	706	1.4102564	121.9349	12.843314	3	2	1	1	3.61091791264422
140	1	184778.7234	6772193.346	569.4515674	36.77793	136.95203	-1.3602389	-1.378744841	-0.40066648	0.916224	43	2	119	409	1.4102564	121.9349	13.22334	3	2	1	1	4.93447393313069
141	1	184796.721	6772210.867	562.1895825	28.998205	136.95203	0.8087034	-4.216804504	-0.65987825	0.7513726	40	1	120	527	1.4102564	121.9349	13.22334	3	2	1	1	3.89182029811063
142	1	185186.2617	6772617.38	486.5345227	41.94689	137.0271	-4.3571696	-0.560299337	0.92059004	-0.39053032	92	1	243	668	1.4411764	119.26849	13.170969	3	2	1	1	4.31748811353631
143	1	184889.2927	6772975.761	460.3528552	27.2512	136.95203	0.41004115	-0.85367465	0.62469727	0.78086704	0	1	44	72	1.4102564	121.9349	13.22334	2	2	0	1	5.59098698051086
145	1	184696.2837	6773144.131	523.292981	37.46013	135.28629	0.7721028	-6.129088879	0.98324317	-0.18229878	93	1	216	861	1.516129	119.2651	13.22334	3	2	0	1	7.01481435127554
146	1	188257.5574	6772724.262	466.7002661	28.280336	138.22144	1.5002868	-1.59324348	0.086648226	0.99623895	0	1	61	394	1.4411764	116.2043	13.5244255	2	4	1	1	4.75359019110636
147	1	188225.1439	6772734.411	465.0685486	25.17638	138.22144	1.6354932	-3.240952253	0.11765211	0.99305487	0	3	41	533	1.4411764	116.2043	13.5244255	2	4	1	1	4.30406509320417
150	1	185106.6553	6774906.282	472.8383154	35.77207	133.40808	-0.42017972	0.688658178	-0.55192316	-0.83389497	100	1	186	2107	1.4411764	113.794	14.878691	2	2	1	1	8.07402621612406
157	1	187064.1152	6775809.828	471.7489807	26.293201	131.70149	0.8203255	-5.875099182	0.98234844	0.18706013	0	1	0	0	1.4545455	110.527405	15.668325	1	2	1	5	4.91998092582813
158	1	196122.8625	6768638.04	531.483938	30.017546	149.9915	4.196066	0.653897703	-0.41183314	-0.9112593	43	3	99	1127	1.3076923	136.28441	20.20805	3	4	1	1	4.17438726989564
161	1	201249.905	6760032.248	326.2535815	24.463373	165.58728	4.1538568	-0.173340514	-0.99662447	0.082095645	96	1	148	1931	1.5185186	151.6507	9.763548	3	2	0	1	5.37527840768417
162	1	201769.1986	6755688.274	408.7360767	27.225197	165.73596	-0.35682628	1.584160089	0.9661598	0.25794408	96	1	219	1341	1.4375	151.3419	9.540134	3	2	0	1	2.89037175789616
163	1	203378.622	6755300.31	314.2858838	28.918571	164.60542	-0.8294643	-2.235040426	0.97979563	0.2000014	0	1	0	0	1.5185186	148.2374	10.061507	3	4	0	1	5.01063529409626
164	1	204742.729	6756155.809	442.7225867	35.39364	163.86118	0.6118635	1.187776566	-0.9780452	-0.20839277	100	1	185	2033	1.40625	149.6253	10.48868	3	4	1	1	3.87120101090789
165	1	205678.7732	6750629.552	326.3336536	40.99464	164.89969	-0.54501086	3.954281092	0.7656547	-0.6432518	98	1	260	923	1.5185186	148.8761	9.193784	3	4	0	1	2.30258509299405
167	1	211875.9695	6745556.22	263.97396	22.660616	160.41399	8.1896105	1.074805737	-0.99881256	-0.048717745	100	3	180	1688	1.3043479	146.651	10.553667	3	4	0	2	2.30258509299405
169	1	230102.8367	6760622.641	459.2013086	40.823166	128.7851	-1.1361375	3.771064758	-0.23152646	-0.9728286	56	3	188	403	1.117647	136.4462	23.725025	3	2	0	1	6.13122648948314
170	1	230179.3811	6760593.211	451.4335156	25.28904	128.7851	3.4062166	0.756866038	-0.6460824	-0.76326764	100	3	216	1104	1.117647	136.4462	23.725025	3	2	0	1	4.80402104473326
171	1	230194.5164	6760573.086	445.3136938	38.24596	128.7851	1.9531238	-1.588004112	-0.31779677	-0.94815886	60	3	133	681	1.117647	136.4462	23.725025	3	2	0	1	5.92692602597041
174	1	214552.7123	6756962.531	252.5537451	27.666368	155.30238	-0.16556202	1.876098156	-0.8001558	-0.59979224	32	3	84	636	1.3333334	150.2258	10.834703	3	4	0	2	7.18992217074581
175	1	213095.1376	6756913.746	343.2924402	27.820547	156.60057	1.8963116	-2.505504847	0.9893549	-0.14552262	100	1	114	2729	1.3214285	150.9014	10.188044	3	4	0	1	5.09375020080676
176	1	209693.8413	6765686.577	448.2944568	34.490658	152.40184	-2.924763	2.328469515	-0.9931523	-0.11682663	100	3	144	2176	1.4827586	144.3018	16.72707	3	4	0	1	3.04452243772342
183	1	178029.0338	6831461.879	1108.589658	22.802994	127.21954	0.35002598	-0.896243572	-0.014762167	0.99989104	1	3	51	630	1.372549	138.0775	11.567748	3	3	0	1	7.93701748951545
185	1	234755.9979	6799497.188	409.1523181	30.09254	105.73047	3.811287	0.271218508	0.8282209	0.56040174	100	1	178	1865	1.28125	126.1641	14.939827	3	4	0	1	3.85014760171006
189	1	230688.3155	6806474.573	516.4593359	39.83396	119.821304	2.09793	-6.306772232	0.8266357	-0.56273746	92	1	170	1442	1.3611112	137.5315	13.971624	3	4	0	1	6.61204103483309
190	1	230782.6653	6806514.207	492.2463013	30.674423	119.821304	-7.921461	7.199422359	0.9605444	-0.2781266	85	1	111	1791	1.3611112	137.5315	13.971624	3	4	0	1	6.33150184989369
191	1	231315.3114	6807136.92	524.0176636	33.694016	119.877014	1.383108	-0.549684942	-0.9692502	0.2460773	79	1	220	515	1.3030303	141.39151	13.913671	2	4	0	1	3.58351893845611
192	1	230652.8722	6807602.827	599.9472583	60.849655	120.788574	19.788979	1.315268159	0.9856288	-0.16892587	71	3	176	981	1.35	140.42441	14.281956	2	4	0	1	5.08759633523238
193	1	230661.6826	6807584.195	585.1837402	48.562965	120.788574	6.716059	-5.561323643	0.9581782	0.28617215	90	3	92	2050	1.35	140.42441	14.281956	2	4	0	1	5.12396397940326
194	1	230655.0755	6807532.169	604.9129199	53.24124	120.788574	4.2516174	-5.210560322	0.9228808	0.38508573	64	1	168	660	1.35	140.42441	14.281956	2	4	0	1	6.84161547647759
197	1	231512.8347	6808057.771	551.7181519	33.960743	120.79826	-2.8023343	1.184774995	0.9762232	-0.21676792	93	3	164	1520	1.3684211	144.869	14.186301	3	2	0	1	3.25809653802148
198	1	231528.8147	6808146.186	558.0926367	37.999477	120.79826	4.1613817	-1.324458241	0.7994494	0.60073346	76	3	148	1273	1.3684211	144.869	14.186301	3	2	0	1	7.5740450053722
199	1	222937.6279	6807466.986	759.8577271	28.542385	127.94751	2.1027577	-0.552398622	0.91419446	0.40527582	96	1	100	2480	1.3658537	137.9259	15.516889	2	4	1	1	4.23410650459726
200	1	222722.1191	6809015.883	493.2742102	31.405684	129.39148	4.0213223	-1.346548676	-0.7687982	-0.6394915	100	1	207	1341	1.3529412	135.0051	15.113997	3	4	0	1	4.69134788222914
201	1	222582.758	6809252.767	523.4080859	31.608797	129.39148	2.1400664	-4.179064274	-0.6063023	-0.7952342	98	1	220	1140	1.3529412	135.0051	15.113997	3	4	0	1	7.14124512235049
202	1	222507.331	6809340.29	525.5873096	28.824514	129.39148	-4.405797	-1.235806823	-0.8451625	-0.5345094	100	2	168	1678	1.3529412	135.0051	14.485497	3	4	0	1	5.33753807970132
203	1	222316.7018	6809623.77	542.4185059	34.419758	129.39148	-2.8793616	3.224261522	-0.9426536	-0.3337727	85	2	214	658	1.3529412	135.0051	14.485497	3	4	0	1	5.26785815906333
204	1	220583.4512	6812264.111	532.0866333	26.459812	132.49246	1.2656189	-1.158990502	0.520685	-0.85374886	100	3	191	1501	1.3513514	135.1881	14.667009	3	4	0	1	4.99721227376411
205	1	220550.9534	6812223.475	542.5792822	33.65206	132.49246	-5.827524	1.923256993	0.8995927	0.43672985	7	1	40	312	1.3513514	135.1881	14.667009	3	4	0	1	2.30258509299405
209	1	218065.9375	6813331.891	596.7312939	34.607147	133.76968	-1.0431067	-7.842628002	-0.19910897	-0.97997737	65	1	186	316	1.3714286	135.1964	13.971498	3	4	0	1	3.55534806148941
210	1	218227.9067	6815234.863	669.8112842	34.06287	134.44469	1.6210023	-3.58521843	0.9868171	0.16183928	100	1	125	2133	1.3636364	134.4514	14.204959	3	3	1	1	2.89037175789616
211	1	218513.1553	6815384.316	611.3165063	39.6607	134.44469	-0.3958051	1.705005407	-0.9750777	-0.22186361	0	1	0	0	1.3636364	134.4514	14.109656	3	2	0	1	5.39816270151775
212	1	218500.5519	6815401.36	606.1560352	34.78065	134.44469	-0.6237098	1.820303917	-0.99984246	-0.01775075	0	1	0	0	1.3636364	134.4514	14.109656	3	2	0	1	2.56494935746154
213	1	218504.2705	6815442.844	613.9019385	41.62083	134.44469	-0.36439666	-3.399875164	-0.9229459	-0.38492963	0	1	0	0	1.3636364	134.4514	14.109656	3	2	0	1	2.56494935746154
214	1	218493.5989	6815469.773	609.6839355	38.77107	134.44469	0.43955436	-0.299898773	-0.9013774	-0.43303436	0	1	0	0	1.3636364	134.4514	14.109656	3	2	0	1	2.63905732961526
215	1	218682.5414	6815797.924	669.2179297	38.784916	134.44469	0.2072361	-3.530332327	-0.9257338	0.37817585	0	1	0	0	1.3636364	134.4514	14.109656	3	2	0	1	3.91202300542815
216	1	218686.8419	6815823.077	667.1948999	39.270924	134.44469	5.646556	-8.949625969	-0.9156295	0.40202317	0	1	0	0	1.3636364	134.4514	14.109656	3	2	0	1	7.80343505695217
217	1	218689.6846	6815844.688	663.0123608	34.841393	134.44469	7.6350336	-9.070708275	-0.9837418	0.1795886	0	1	0	0	1.3636364	134.4514	14.109656	3	2	0	1	7.8046592970561
218	1	218657.9782	6815887.506	640.6706641	31.980778	134.44469	-1.9457741	-0.747395158	-0.97031546	0.24184284	0	1	0	0	1.3636364	134.4514	14.109656	3	2	0	1	4.57471097850338
219	1	218656.3366	6815923.314	635.2162402	36.20511	134.44469	-2.9189458	-3.137949705	-0.9803071	0.19747919	0	1	0	0	1.3636364	134.4514	14.109656	3	2	0	1	5.31320597904179
220	1	218779.3287	6816022.704	692.2295605	39.723877	134.75063	3.5145874	-4.360207558	-0.78486013	0.6196729	37	1	80	1163	1.3333334	134.4838	14.109656	3	2	0	1	5.83773044716594
221	1	218793.0585	6816047.356	694.7184961	38.852444	134.75063	5.9625144	-5.062690735	-0.9941928	0.10761364	48	1	78	1217	1.3333334	134.4838	14.109656	3	2	0	1	6.23832462503951
222	1	218734.2139	6816088.894	649.9239648	40.087795	134.75063	1.8005992	-5.058970928	-0.7978976	0.60279304	23	1	75	805	1.3333334	134.4838	14.109656	3	2	0	1	5.79909265446053
223	1	219012.8935	6816968.093	702.5531836	40.09823	134.56042	1.0502646	-4.9494524	-0.9925278	0.1220187	98	1	164	1684	1.3111111	132.6819	13.911084	3	2	1	1	2.484906649788
224	1	218069.7891	6817212.893	792.6193579	31.010897	135.00105	-2.5201256	-1.037430167	0.9922585	-0.124189936	17	1	54	277	1.3421053	134.4548	13.973301	3	4	1	1	4.39444915467244
225	1	218728.2251	6818843.217	764.7383911	33.887814	135.26411	-5.8786216	-0.373543352	-0.7462395	-0.66567755	100	3	96	2770	1.3414634	134.6895	13.538838	3	2	0	1	1.6094379124341
226	1	218746.2017	6818812.25	756.1794336	35.410217	135.26411	1.2580959	-2.924150229	-0.46076092	-0.8875243	100	1	120	2364	1.3414634	134.6895	13.538838	3	2	0	1	2.56494935746154
227	1	207733.0905	6823042.676	808.3820947	32.99671	135.4641	0.5678268	-5.83523941	-0.51774955	-0.8555322	90	1	102	1981	1.2820513	140.5258	11.412914	3	2	1	1	8.69818052519705
228	1	207756.6788	6823099.986	834.7847412	33.997097	135.4641	0.0889784	0.621693254	-0.9183108	-0.39586017	70	1	103	1321	1.2820513	140.5258	11.412914	3	2	1	1	7.51043055637801
230	1	202556.2709	6833348.57	722.8661108	29.346521	153.37225	1.2145122	-5.349149704	0.78372705	-0.62110543	82	3	121	1444	1.35	126.3623	12.833865	3	2	1	2	8.5249629286806
231	1	202586.966	6833393.947	738.7471045	35.95261	153.37225	-1.0594538	0.364725888	0.7036713	-0.7105257	98	3	129	1939	1.35	126.3623	13.24938	3	2	1	2	6.67456139181443
232	1	202763.6438	6833422.644	750.5891309	26.4887	153.37225	4.044011	-7.854836464	-0.22984594	-0.973227	100	1	155	1939	1.35	126.3623	13.24938	3	2	1	2	7.10414409298753
233	1	202777.9824	6833388.692	748.3819336	37.4206	153.37225	0.53840804	-2.076699257	-0.86699677	-0.4983137	93	1	173	1525	1.35	126.3623	13.24938	3	2	1	2	2.70805020110221
234	1	203137.9231	6833262.421	711.7194873	24.695997	154.25157	0.10517141	-0.487328589	0.56302613	-0.8264391	70	3	104	1181	1.3333334	125.464096	13.303945	3	2	1	2	10.0374501021991
238	1	203685.1319	6833378.875	692.5006421	40.503952	154.25157	6.347867	-2.793344021	-0.11437825	-0.9934373	89	1	181	1516	1.3333334	125.464096	13.18561	3	2	1	2	1.79175946922805
240	1	204120.7096	6833831.686	634.879043	26.487986	155.03453	0.08502985	0.542441964	0.9944892	0.104839034	42	3	115	745	1.3055556	125.7684	13.248185	3	2	0	2	7.04925484125584
241	1	204097.9088	6834340.201	648.3847437	28.986841	156.8246	2.8758388	-0.641710043	0.998257	0.059017394	96	1	202	1239	1.1935484	127.6878	13.248185	3	2	0	2	5.03043792139244
242	1	204159.5548	6834380.723	641.7842969	50.003933	156.8246	4.960408	2.158230543	-0.14343692	-0.9896595	21	2	117	189	1.1935484	127.6878	12.805946	3	2	0	2	2.484906649788
243	1	203973.37	6834538.64	753.2812134	33.801163	155.936	4.1555896	-3.55906868	0.23697971	-0.9715146	100	1	176	1860	1.3658537	128.0231	12.921418	3	2	1	2	6.65286302935335
244	1	204216.4611	6834744.818	726.5382275	39.402733	156.8246	-0.08031562	-1.428489447	0.6464169	-0.7629844	93	3	162	1426	1.1935484	127.6878	12.805946	3	2	1	2	4.02535169073515
250	1	204494.0411	6835017.587	740.5430347	36.015705	158.62216	0.6426345	1.263767362	0.5346663	-0.84506327	0	2	41	511	1.35	130.6817	12.805946	3	2	1	2	2.07944154167984
252	1	205095.6816	6835364.713	714.3712378	31.86186	159.52843	1.2791148	0.727122664	0.5513187	-0.83429474	87	3	145	1237	1.2424242	129.5908	12.040863	3	2	1	2	2.30258509299405
253	1	205324.7204	6835186.754	573.2869971	30.741732	159.52843	-1.691251	-2.851055622	0.7637486	-0.64551383	90	1	160	1362	1.2424242	129.5908	12.643501	3	2	0	2	4.77068462446567
258	1	205922.4383	6835685.716	661.9036084	27.412962	159.52843	-0.70972323	-1.204879522	-0.072466545	-0.99737084	35	3	106	510	1.2424242	129.5908	12.040863	3	2	1	2	6.13772705408623
259	1	206264.918	6835648.748	560.6134302	34.437164	160.05183	-2.3152041	1.030713797	0.19532064	-0.9807394	79	3	125	806	1.25	128.3044	11.660486	3	2	0	2	8.80507524387068
260	1	206308.0188	6835640.632	548.1891724	40.065357	160.05183	4.3834667	-5.333125114	0.006151073	-0.9999811	62	3	129	559	1.25	128.3044	11.660486	3	2	0	2	4.70048036579242
261	1	206476.2965	6835403.958	615.2188354	27.066282	160.05183	1.9937366	-3.104837656	0.3109199	0.9504361	62	1	93	1144	1.25	128.3044	11.660486	3	2	0	1	3.49650756146648
262	1	206907.5351	6835985.253	606.8629028	36.273186	160.05183	1.8518394	-7.238150597	0.788389	-0.61517704	34	1	190	278	1.25	128.3044	11.660486	3	2	1	2	5.19295685089021
263	1	206923.6003	6835975.898	596.3624365	39.21163	160.05183	3.8481588	-16.23516083	-0.5116665	-0.85918415	76	1	146	707	1.25	128.3044	11.660486	3	2	0	2	8.73101341526956
264	1	206658.9483	6835837.144	629.3714648	31.821226	160.05183	1.5553842	-5.756305218	0.021348674	-0.9997721	59	3	91	1154	1.25	128.3044	11.660486	3	2	0	2	1.79175946922805
265	1	207349.2546	6835936.868	617.0516602	32.62898	160.30928	4.648003	-6.633637905	0.39478898	-0.9187718	75	1	182	719	1.2068965	127.2345	11.69588	3	2	0	2	4.07753744390572
266	1	207368.9895	6835927.3	612.3010059	33.75972	160.30928	1.5854468	-1.921320796	-0.23483698	-0.97203475	98	1	184	1702	1.2068965	127.2345	11.69588	3	2	0	2	4.72738781871234
267	1	207403.9067	6835908.045	607.7117944	34.610844	160.30928	1.8135029	-7.980510712	-0.26973367	-0.962935	100	1	172	1921	1.2068965	127.2345	11.69588	3	2	1	2	3.58351893845611
268	1	207431.2989	6835912.983	616.5311499	32.753273	160.30928	0.8782592	-1.909651041	0.7994056	-0.60079175	92	1	170	1142	1.2068965	127.2345	11.69588	3	2	0	2	3.91202300542815
269	1	207493.288	6835869.124	598.3928931	32.481167	160.30928	-4.1325536	3.682944536	-0.14478007	-0.98946387	92	2	177	1085	1.2068965	127.2345	11.69588	3	2	1	2	4.55387689160054
270	1	207576.9459	6835826.795	603.2228687	37.122807	160.30928	-3.9681711	2.981887579	-0.4915138	-0.8708698	37	1	110	554	1.2068965	127.2345	11.69588	3	2	0	2	5.23644196282995
271	1	207519.4139	6835753.444	551.4894629	30.005333	160.30928	1.1793123	-3.462425947	-0.48870113	-0.87245125	50	3	145	671	1.2068965	127.2345	11.69588	3	2	0	2	5.56068163101553
272	1	207627.0722	6835692.152	582.3076758	29.099932	160.30928	1.0504863	-1.841730475	-0.9770996	-0.21278244	100	1	194	1527	1.2068965	127.2345	11.69588	3	2	0	2	3.04452243772342
273	1	207999.0662	6835352.553	539.7989478	30.5244	160.30928	0.026076887	0.080139384	-0.11524675	-0.9933369	100	1	207	1243	1.2068965	127.2345	12.269603	3	2	0	2	6.29710931993394
274	1	208413.8158	6836662.723	592.5024536	26.389627	162.42769	-4.980513	1.543334603	0.73105365	-0.68232	85	3	155	1090	1.1538461	127.3666	11.86192	3	2	1	2	6.54965074223381
275	1	208551.5716	6836749.708	567.412561	28.509974	162.42769	1.3868825	-1.893498302	0.9991034	0.04233604	56	1	161	660	1.1538461	127.3666	11.86192	3	2	0	1	3.17805383034795
276	1	208621.0645	6836871.912	553.2027515	31.338314	162.42769	2.8990722	-7.08573246	0.8871337	-0.46151242	93	3	211	778	1.1538461	127.3666	11.86192	3	2	0	1	6.29341927884648
277	1	208874.4151	6837784.4	688.121748	34.732117	164.77393	1.6906111	-1.456097841	0.6591052	-0.75205076	96	1	198	1388	1.3055556	128.3454	12.068339	3	2	0	1	2.39789527279837
278	1	209141.9181	6838148.639	697.7798071	33.39976	166.30678	0.04041917	0.030614482	0.6489399	-0.76083964	28	2	143	783	1.3243244	130.7996	12.144537	3	2	1	1	2.63905732961526
279	1	209183.047	6838134.722	670.4539282	32.773193	166.30678	-2.581252	0.149949044	0.84189874	-0.53963554	92	1	178	1237	1.3243244	130.7996	12.144537	3	2	0	1	4.40671924726425
280	1	209647.011	6837456.847	525.1621875	26.335905	164.00702	-1.9169542	2.426161051	-0.49085462	0.8712415	53	3	82	1031	1.16	126.5663	12.144537	3	2	0	1	3.63758615972639
281	1	207705.6534	6832771.2	930.9916333	36.452	153.92767	0.7043961	-6.750818729	0.89161426	0.4527957	14	1	74	353	1.3061224	127.134796	12.9419365	3	2	1	1	5.98141421125448
282	1	210638.1749	6837780.317	530.4508008	28.09739	162.89601	-0.67023057	-0.128795028	-0.66003764	0.7512325	100	1	139	1333	1.2333333	124.6759	12.134365	3	2	0	1	2.30258509299405
283	1	210446.7683	6838062.591	506.2822083	38.70339	165.12619	4.8180904	-5.970459461	0.029254705	-0.999572	84	1	222	963	1.173913	128.5145	12.134365	3	4	0	1	4.0943445622221
286	1	209946.4116	6839066.543	732.2729907	42.924522	168.7154	0.5927437	-0.427773863	0.7587758	0.6513519	0	2	24	191	1.325	138.7248	12.280644	3	2	1	1	2.89037175789616
287	1	210181.7641	6839005.85	606.9419678	40.106483	167.25673	-2.065209	6.195094109	0.8773096	-0.47992486	95	1	176	1076	1.2142857	136.0032	12.173084	1	2	0	5	2.83321334405622
288	1	210229.0192	6839100.643	587.0626807	34.075554	167.25673	0.50316584	-2.34585762	0.80781376	-0.5894378	84	1	204	872	1.2142857	136.0032	12.173084	1	2	0	5	6.48920493132532
289	1	210306.2962	6839185.273	562.3245605	38.285625	167.25673	1.5941135	-1.31776154	0.6398994	-0.76845866	98	1	173	1652	1.2142857	136.0032	12.173084	1	2	0	5	7.7698009960039
290	1	210520.2434	6839413.839	476.5333496	49.460304	167.25673	12.07272	-3.177710056	0.030209864	-0.9995436	76	2	166	691	1.2142857	136.0032	12.391292	1	2	0	5	6.96979066990159
291	1	210528.8231	6839419.083	483.1524219	46.831	167.25673	-4.8930693	-3.385281324	-0.00050482	-0.9999999	85	2	185	1022	1.2142857	136.0032	12.391292	1	2	0	5	6.95654544315157
292	1	210282.9132	6839563.729	537.6122314	36.164845	167.25673	0.510632	-6.756291866	-0.6060232	-0.795447	85	2	222	694	1.2142857	136.0032	12.391292	3	2	0	1	2.39789527279837
293	1	210258.1275	6839600.528	545.6679004	41.840073	167.25673	-0.11561788	-1.377356172	-0.61580116	-0.7879016	90	3	165	981	1.2142857	136.0032	12.391292	3	2	0	1	2.484906649788
295	1	210621.569	6839573.239	574.2838525	28.712948	167.25673	1.7009091	-10.21632671	-0.11459355	-0.99341244	84	3	176	898	1.2142857	136.0032	12.391292	2	2	0	1	9.02569611981258
296	1	211134.154	6838711.754	504.2852563	33.97256	163.37624	-0.29966784	-2.92087388	0.9549361	0.29681155	65	3	121	986	1.1538461	127.198296	12.062193	1	2	0	5	6.60123011872888
297	1	211770.5709	6838213.452	431.7101624	37.05138	163.37624	1.7230692	-6.271090984	0.3440527	0.93895036	93	1	221	655	1.1538461	127.198296	12.111985	3	2	0	1	7.08002649992259
298	1	211767.9384	6838135.032	474.885907	32.780613	163.37624	-2.1730638	-0.379152566	0.9833525	0.18170814	82	1	169	1124	1.1538461	127.198296	12.111985	3	2	0	1	5.99893656194668
300	1	212519.5234	6837615.139	517.6364893	28.69521	159.45818	0.4606589	-3.224097013	0.010525302	0.9999446	64	1	167	690	1.2413793	124.0893	11.982339	3	2	0	1	3.13549421592915
301	1	212967.3336	6837482.593	524.2082373	28.375673	159.45818	2.9154167	-0.599348843	0.32231313	0.9466331	96	1	156	1564	1.2413793	124.0893	11.982339	3	2	0	1	6.49375383985169
319	1	215280.3307	6838113.36	424.4992419	27.577387	152.86662	0.17022096	-5.040804386	0.6676391	-0.74448514	100	3	190	566	1.2580645	122.1146	11.656438	2	5	0	1	8.53777982502463
320	1	215338.2989	6838109.016	419.7070618	33.967556	152.86662	-0.8984871	-4.471421719	0.06555017	-0.9978493	84	3	163	587	1.2580645	122.1146	11.656438	2	5	0	1	6.49072353450251
321	1	215355.3973	6838156.492	441.3464258	25.734583	152.86662	0.3512529	-1.33172071	0.21293402	-0.9770666	67	3	168	586	1.2580645	122.1146	11.656438	2	5	0	1	4.86753445045558
324	1	217039.3354	6838526.846	640.7834961	36.410854	145.53883	-3.33589	-1.240519047	0.12443122	-0.9922282	32	3	35	272	1.2666667	112.7142	11.469528	2	5	1	1	6.29526600143965
325	1	217333.8132	6837610.691	421.7299255	27.690907	144.70428	1.4069297	-2.77367568	-0.37978014	0.9250768	98	2	192	995	1.2	113.2527	12.119399	2	5	0	1	4.34380542185368
326	1	218307.2617	6838864.688	430.3824097	38.519947	141.55768	0.32707432	-0.534258664	0.8513937	-0.52452725	100	3	242	841	1.1923077	108.0923	12.1392	2	4	1	1	8.06683531441734
327	1	246695.617	6821941.173	599.9287183	38.688118	109.465775	1.0816059	0.766811013	0.9179882	-0.39660776	96	1	219	872	1.4324324	108.1379	12.379407	2	4	0	5	4.24849524204936
328	1	242745.556	6830392.105	220.6246533	37.95094	97.79661	-0.7934117	0.744618118	-0.9939613	-0.109731495	100	1	191	1562	1.32	85.025	10.471522	2	4	0	1	6.5206211275587
332	1	236565.5159	6832257.844	398.1806665	23.426203	96.946045	-9.414688	0.009169504	0.116846755	0.99314994	93	3	130	1478	1.3214285	77.8302	11.96967	3	4	1	1	6.18826412308259
333	1	236584.8597	6832412.513	346.6373132	23.173672	96.946045	-0.7205294	-0.616598725	0.13745362	0.9905082	51	3	150	688	1.3214285	77.8302	11.73887	3	4	1	1	5.30330490805908
334	1	231782.0967	6830742.805	507.0412952	26.260153	107.35782	-11.364028	0.14076215	0.50114554	0.865363	51	1	153	734	1.4054054	87.9526	12.492422	3	4	0	1	5.71702770140622
335	1	231762.2141	6830813.864	477.3105188	32.153065	107.35782	1.217867	-2.489779472	0.8629031	0.5053694	68	1	256	153	1.4054054	87.9526	12.492422	3	4	0	1	4.45434729625351
336	1	231416.7389	6831187.473	523.4486401	43.81359	105.577866	-1.4201475	0.717889607	0.66030264	-0.7509996	92	1	231	832	1.3888888	84.2339	12.492422	3	4	0	1	6.8596149036542
337	1	231370.7652	6831108.893	485.189364	47.295067	105.577866	-1.8237644	11.71280766	0.20488778	-0.97878546	93	2	169	1229	1.3888888	84.2339	12.492422	3	4	0	1	6.46302945692067
338	1	231259.8686	6831147.936	534.5922754	32.912334	105.577866	3.896715	-8.517112732	0.5815613	-0.81350255	68	1	292	677	1.3888888	84.2339	12.492422	3	4	0	1	6.02102334934953
339	1	231217.9049	6831109.773	526.4534912	41.76529	105.577866	2.4732168	-5.676412106	0.7449685	-0.66709965	73	3	196	1115	1.3888888	84.2339	12.492422	3	4	0	1	6.1527326947041
340	1	230899.7326	6831378.811	722.0501221	31.110823	107.38804	0.37423885	-0.499891996	0.38904104	-0.9212204	100	1	206	1476	1.4146341	86.1116	12.789219	2	4	1	5	5.40267738187228
341	1	229927.3248	6830020.284	629.6808032	38.97665	110.97071	3.3637514	-5.664178371	-0.14682366	-0.9891627	100	1	228	1205	1.375	92.1199	14.607238	3	4	0	1	7.63385355968177
342	1	229889.9951	6830009.213	636.7505688	46.361286	110.97071	-3.9973733	1.317568183	0.68372566	-0.7297392	98	1	256	840	1.375	92.1199	14.607238	3	4	0	1	4.97673374242057
343	1	229422.2991	6830036.635	712.1448145	29.247236	110.97071	-0.4621538	0.466156751	0.012333708	-0.99992394	56	2	210	183	1.375	92.1199	14.607238	3	4	0	1	6.52356230614951
344	1	226824.4102	6838438.078	280.8014026	33.927204	107.04554	-1.8950984	-2.600650311	-0.6433388	-0.7655816	98	3	178	1470	1.3333334	83.3355	13.702585	2	4	0	1	8.31262602567496
345	1	226104.517	6838828.82	276.4432788	28.800323	107.04554	-1.4232491	0.183455035	-0.3384741	-0.9409757	100	3	167	1456	1.3333334	83.3355	13.220558	2	4	0	1	4.7361984483945
346	1	219599.8887	6844952.993	355.7058813	44.024582	141.61024	4.401122	-3.02865839	0.91997325	-0.3919811	100	3	193	1070	1.28	104.1609	10.731128	3	4	0	1	6.06610809010375
347	1	219490.5506	6844305.914	372.0000305	38.46759	141.61024	1.2547114	0.734774888	0.94020474	-0.34060985	100	1	192	1396	1.28	104.1609	10.5699415	3	4	0	1	3.29583686600433
348	1	221256.5488	6849382.583	771.3090161	53.494995	134.19577	4.602622	-0.335707963	-0.50647336	-0.8622556	96	2	114	631	1.3846154	107.2524	11.057178	1	2	0	5	2.94443897916644
349	1	221186.0081	6849349.224	725.2143677	38.02017	134.19577	-0.7261203	-1.470954299	0.36071572	-0.93267584	93	3	143	967	1.3846154	107.2524	11.057178	1	2	1	5	6.60394382460047
350	1	215479.7657	6848354.837	333.4126709	25.52223	165.78204	-2.6401393	-0.980988979	0.2000879	-0.97977793	100	2	175	1373	1.4666667	122.025604	9.786202	2	1	0	5	5.29831736654804
351	1	208213.9022	6851280	395.0987207	33.476475	190.65181	-2.5517535	-3.859024048	0.98856574	-0.15079057	85	3	80	1903	1.8181819	161.1724	11.810533	3	4	0	1	4.93447393313069
353	1	203565.2089	6855338.678	476.4123511	39.00261	196.194	1.6335663	-5.06966114	0.87545466	0.48330027	93	2	181	908	1.7333333	156.0457	11.882884	3	2	0	1	6.30261897574491
354	1	203593.3977	6855303.898	471.4633276	39.240856	196.194	-1.8888321	-8.299506187	0.8804141	0.47420564	85	2	168	1139	1.7333333	156.0457	11.882884	3	2	0	1	6.08677472691231
355	1	196898.6789	6860078.463	595.2918066	28.819302	200.57262	0.58252716	0.765886486	0.41454124	-0.91003054	96	3	114	2241	1.6206896	134.0799	10.408697	3	4	1	1	8.06495089174914
356	1	197073.4119	6860160.146	580.51604	54.665447	198.88976	11.471833	-10.64002228	0.47975814	-0.87740076	54	3	109	840	1.6666666	130.4198	10.315117	3	4	1	1	7.59387784460512
358	1	195467.7437	6859647.744	663.7520679	30.760307	201.18211	0.745087	-7.503321171	0.21950303	-0.9756118	54	3	115	422	1.7	139.624	10.462757	2	2	0	1	5.17048399503815
359	1	195143.8789	6859529.396	646.9474683	28.506718	201.18211	-0.39742085	1.246631861	0.041288473	-0.9991473	100	2	133	1751	1.7	139.624	10.462757	3	2	0	1	5.08759633523238
360	1	194099.745	6859385.073	658.5433008	37.72962	201.97774	-0.45399404	-2.392118931	0.90811276	-0.41872564	59	3	124	578	1.6538461	141.2881	11.094732	3	2	0	1	9.4869867748077
361	1	193792.193	6858805.095	612.8648901	46.941486	201.06546	-7.494026	2.292965889	-0.3137626	-0.94950145	98	2	150	1568	1.6842105	141.3771	11.141867	3	2	0	1	3.55534806148941
362	1	193642.0286	6858793.277	629.8230054	42.84287	201.06546	6.795949	-0.067332231	0.62749034	-0.77862436	92	1	186	1125	1.6842105	141.3771	11.141867	3	2	0	1	3.63758615972639
364	1	212755.6803	6860566.193	471.8254431	31.244833	168.25517	2.9511535	-5.43959856	-0.99857485	-0.053369414	98	3	161	1655	1.9166666	115.4507	13.883673	2	2	1	3	5.18738580584075
365	1	211740.5083	6861942.465	430.6383716	25.41944	167.8976	0.7943305	-1.629805326	0.92902863	-0.37000775	96	3	160	1228	1.6666666	111.4319	13.803059	3	2	0	4	7.68616230349291
366	1	211627.785	6861842.756	461.1487439	36.753723	167.8976	-0.42424735	-5.587333202	0.93865454	-0.3448589	90	3	53	2516	1.6666666	111.4319	13.803059	2	2	0	3	6.65801104587075
368	1	211596.2094	6861489.945	431.9319434	29.310667	167.8976	-1.2330613	0.091611564	0.30637172	-0.951912	64	3	123	418	1.6666666	111.4319	13.803059	2	2	1	3	6.02102334934953
369	1	211504.975	6861432.386	469.3367395	31.582752	167.8976	0.7458639	0.592011333	0.9675621	-0.25263336	90	3	192	843	1.6666666	111.4319	13.803059	2	2	1	3	5.66642668811243
370	1	211400.6769	6861378.353	542.7158936	41.873837	167.8976	-3.8053272	6.163510799	0.9991739	-0.0406391	95	3	185	801	1.6666666	111.4319	14.834531	1	2	0	5	3.49650756146648
371	1	211524.9865	6861344.483	446.6674207	33.321144	167.8976	-2.0996628	-1.789535761	0.9934311	-0.11443185	56	3	138	873	1.6666666	111.4319	14.834531	2	2	1	3	5.34710753071747
372	1	211510.9117	6861324.884	453.5912866	32.47817	167.8976	1.5622706	0.189257935	0.9999997	-0.000760957	87	3	150	1200	1.6666666	111.4319	14.834531	2	2	1	3	3.95124371858143
373	1	210957.3171	6861282.1	399.7953455	38.2615	170.5746	0.9041004	-0.50522089	-0.48287314	-0.8756903	100	3	164	1424	1.8	112.5631	15.641297	1	2	0	5	4.18965474202643
374	1	210678.0427	6861657.445	564.8224683	25.290731	170.5746	0.90489256	2.620751858	-0.2620825	-0.96504545	84	3	160	1348	1.8	112.5631	14.658673	3	2	1	1	7.13489085156588
375	1	210627.0941	6861582.176	517.4506348	24.72042	170.5746	2.8132799	2.248260498	-0.1981764	-0.9801664	71	3	169	265	1.8	112.5631	14.658673	3	2	1	1	7.40245152081824
376	1	210423.7989	6861509.024	401.4472388	35.34618	170.5746	0.7071423	-8.544122696	-0.40845993	-0.91277623	92	3	175	1715	1.8	112.5631	14.658673	2	2	0	3	7.30451594646016
378	1	210455.1984	6861720.835	536.4907788	33.122288	170.5746	0.6014883	-7.186500072	-0.5823899	-0.8129096	96	3	178	1426	1.8	112.5631	14.658673	2	2	1	1	7.52023455647463
379	1	210457.1948	6861792.225	570.3392773	26.244207	170.5746	-4.0382466	1.124966383	-0.40194815	-0.9156624	100	3	109	2646	1.8	112.5631	14.658673	2	2	1	1	4.77912349311153
380	1	210376.8637	6861679.503	492.7614685	28.979124	170.5746	-1.2912784	0.166841745	-0.31024706	-0.95065594	100	3	139	1776	1.8	112.5631	14.658673	2	2	1	3	5.57215403217776
381	1	210335.0862	6861672.92	480.3203735	31.805223	170.5746	1.00051	0.484728694	-0.31291693	-0.94978046	100	3	138	2229	1.8	112.5631	14.658673	3	2	1	1	6.24610676548156
382	1	210306.7142	6861734.837	498.1075891	26.65595	170.5746	0.5434004	-2.548245192	-0.5089294	-0.86080825	39	3	102	457	1.8	112.5631	14.658673	3	2	1	1	5.79909265446053
384	1	210171.6614	6861615.973	397.0075085	31.167784	170.5746	0.16150917	-0.150336534	-0.32463822	-0.9458383	100	3	208	1153	1.8	112.5631	14.658673	3	3	0	1	4.18965474202643
388	1	208833.1338	6862851.622	580.3135547	23.994925	171.717	8.5875225	-4.778522015	-0.72274834	-0.6911113	100	1	155	2090	2.1	111.88049	14.889573	2	3	1	1	3.97029191355212
389	1	208838.1113	6862846.586	580.4163794	23.294355	171.717	8.942146	-2.891359329	-0.68960446	-0.7241862	65	2	132	892	2.1	111.88049	14.889573	2	3	1	1	3.95124371858143
393	1	211064.4121	6860583.104	362.4553345	34.585026	170.92177	1.0056152	-0.71582514	-0.06670984	0.9977724	96	1	142	1461	1.7333333	115.733	14.834531	2	2	0	3	4.30406509320417
394	1	210913.1444	6860545.125	399.0181128	33.23177	173.47986	0.6326843	-2.300411463	0.0936042	0.99560946	50	1	132	181	1.8571428	117.629	15.641297	2	2	0	3	5.71702770140622
395	1	209156.6796	6860377.514	622.9593311	33.898766	175.88203	-0.32459205	-0.758068621	0.94486487	0.32746044	87	1	215	1007	1.7333333	121.3679	15.307013	3	3	1	1	3.46573590279973
396	1	205761.074	6863528.563	410.7637329	20.42216	174.92174	-6.210091	-0.011345813	0.41121498	-0.9115384	98	2	167	1405	1.7857143	111.4911	13.981999	3	2	0	1	5.99146454710798
397	1	202986.2541	6864672.461	429.9170007	31.923206	180.8425	-1.5122249	-0.709842145	-0.72296137	-0.69088846	100	3	208	888	2	109.3063	11.303511	2	2	0	1	6.30078579466324
398	1	202891.7394	6864691.34	393.5948157	25.836634	180.8425	-5.6566186	3.705036402	-0.69839853	-0.7157091	0	2	0	0	2	109.3063	11.303511	2	2	0	1	3.89182029811063
399	1	202882.0841	6864703.257	393.1221375	28.94253	180.8425	-3.7389548	0.916064739	-0.77022576	-0.63777137	0	2	0	0	2	109.3063	11.303511	2	2	0	1	2.89037175789616
400	1	202876.5838	6864719.5	394.988916	27.470846	180.8425	-3.583697	0.30402264	-0.94542116	-0.32585084	0	2	0	0	2	109.3063	11.303511	2	2	0	1	3.63758615972639
401	1	202841.503	6864868.918	442.3888208	35.410385	180.8425	0.23149335	0.249144718	-0.6535139	-0.7569145	0	3	0	0	2	109.3063	11.303511	2	2	0	1	4.79579054559674
402	1	197370.8582	6867450.296	589.6103149	27.490936	200.47404	-1.1696315	-1.776613832	0.7726187	0.63487035	100	3	155	1509	1.65	114.3985	9.857598	3	3	1	1	6.24610676548156
403	1	197474.5465	6867767.653	539.8136548	34.888268	200.47404	-0.24459805	-1.200291395	0.6495062	-0.76035625	100	3	120	2561	1.65	114.3985	9.857598	2	2	0	1	2.99573227355399
404	1	197545.5342	6867880.951	541.1532886	36.019543	200.47404	-0.43893692	-5.81618309	0.7028894	-0.7112991	92	2	153	616	1.65	114.3985	9.857598	2	2	0	1	3.93182563272433
405	1	199515.9159	6868419.577	555.857876	27.612099	191.2895	-8.482	0.888302565	-0.92322046	-0.38427073	17	3	79	189	1.7	106.390594	9.477036	2	2	1	1	4.89034912822175
406	1	197245.9104	6868559.028	680.5833081	24.913906	200.9776	-1.005023	-0.199124604	0.8922177	0.45160553	0	2	45	732	1.6521739	116.158104	9.909207	3	2	1	1	4.60517018598809
408	1	191635.8426	6873366.077	555.8845972	25.378813	215.69637	0.5046178	-1.360089183	-0.3377188	0.94124705	100	3	122	2383	1.6363636	120.4472	9.242739	2	2	0	1	4.14313472639153
409	1	191115.7289	6873615.656	395.222627	26.267267	215.69637	2.498173	-3.800938368	-0.39471552	0.9188034	100	3	123	2223	1.6363636	120.4472	9.28117	3	4	0	1	7.28344822875663
410	1	190361.4306	6872800.582	521.278479	27.76172	219.09906	0.7638264	-0.665870905	0.47227913	0.88144904	96	1	200	1546	1.6956521	120.46349	8.919652	3	2	1	1	4.8283137373023
411	1	189467.7997	6872751.64	482.2874829	26.06253	219.52226	-1.1838902	-0.555086493	-0.5270362	0.84984285	100	2	145	1880	1.7142857	118.6009	8.56855	3	4	1	1	3.97029191355212
412	1	188038.2118	6872476.358	455.9461951	28.400871	218.87854	0.07378055	-3.709920645	-0.38809282	0.9216203	100	2	167	1627	1.6190476	116.5105	8.380469	3	4	0	2	6.50876913697168
413	1	187731.4423	6872448.782	456.1642603	31.156229	217.56088	1.9446474	0.725746036	-0.29280856	0.9561711	100	3	118	2233	1.7777778	114.264305	8.526359	3	4	0	1	5.59098698051086
414	1	187585.0136	6872357.184	458.8905176	26.219513	217.56088	1.3304278	-1.897252917	-0.48800457	0.87284106	100	3	115	2351	1.7777778	114.264305	8.785622	3	4	0	1	7.94803199063728
415	1	187409.1407	6872143.618	540.7952319	31.486553	217.56088	-0.73134226	-0.822240651	0.2939719	0.95581406	96	1	206	1398	1.7777778	114.264305	8.785622	3	4	0	1	7.67600993202889
416	1	187060.562	6872204.629	488.6260779	28.852606	217.56088	0.75528663	-4.925445557	-0.04771453	0.998861	60	3	108	716	1.7777778	114.264305	8.785622	3	4	0	1	6.90875477931522
417	1	186637.0716	6872285.895	496.9475842	30.936853	215.32512	2.3845232	-3.385535479	0.3960545	0.918227	100	3	111	2292	2.0769231	113.7476	9.043968	3	4	0	1	3.73766961828337
418	1	186444.2999	6872269.583	510.9819031	28.936996	215.32512	1.7473433	-3.897075653	-0.3433835	0.9391953	100	3	109	2356	2.0769231	113.7476	9.043968	3	4	0	1	8.11312710422178
419	1	186427.4369	6872248.507	520.9515063	33.07545	215.32512	1.6353819	-0.340272397	-0.1777324	0.9840789	93	3	109	1885	2.0769231	113.7476	9.043968	3	4	0	1	2.83321334405622
420	1	184083.589	6871314.036	667.1358813	27.758879	211.45744	-7.644358	0.690104783	0.3218733	0.94678277	26	3	73	471	1.68	118.7715	9.381716	3	4	1	1	8.69265796074698
421	1	182781.281	6871673.357	458.3623486	33.130627	207.1242	3.8614013	-2.450278521	0.5727465	0.81973255	57	3	133	915	1.6842105	119.2079	9.4248495	3	4	0	2	6.74051935960622
422	1	179756.1434	6872237.165	405.1914282	40.007915	203.99973	-0.12881662	-3.309295177	0.17993148	0.9836792	100	1	147	2275	2.0833333	115.452805	10.569658	2	4	0	1	6.43294009273918
426	1	167000.8567	6871316.904	852.0150024	41.3624	221.39491	0.87182325	-1.453684568	0.892853	0.45034823	92	3	127	1320	1.4782609	117.975	12.866274	2	5	0	1	4.52178857704904
427	1	165733.9167	6872185.068	905.2769727	30.372139	224.38765	1.483425	-0.695149243	0.7010266	-0.71313506	93	3	96	2332	1.38	105.1767	11.76852	3	5	1	1	3.8286413964891
429	1	162412.6852	6872626.525	499.7066748	31.17011	225.07082	0.592792	0.325384766	-0.59445053	0.80413216	95	3	94	2121	1.3076923	93.7618	10.28425	2	5	0	1	5.34233425196481
435	1	161999.2708	6871678.686	888.1270898	31.582815	222.04271	-0.7631737	-0.149599463	-0.004764364	0.9999887	60	3	87	845	1.4090909	92.582	10.435183	1	2	0	5	5.86078622346587
436	1	162025.8626	6871691.267	881.2460034	29.810743	222.60991	-2.7634785	-0.830509782	0.19411257	0.98097926	84	3	114	1278	1.264151	95.9387	10.435183	1	2	0	5	4.49980967033027
439	1	161832.8148	6872312.507	566.5052954	41.0781	225.02602	0.40878445	0.449555933	-0.092726655	0.9956916	98	2	151	1599	1.2380953	91.1589	10.670335	2	5	1	1	6.09356977004514
440	1	161803.5235	6872411.645	511.0222791	33.534492	225.02602	-5.332409	2.419602871	-0.22367686	0.9746634	95	3	101	2361	1.2380953	91.1589	10.670335	2	5	0	1	6.78445706263764
442	1	188034.6134	6883410.862	895.9052783	37.874138	179.23586	0.11943661	1.180442452	-0.30752936	-0.9515386	85	3	90	1482	1.6666666	118.4724	9.87486	2	2	0	1	4.34380542185368
443	1	188100.0093	6883336.781	873.2771826	34.723614	179.23586	-2.5884259	4.374523163	-0.54722995	-0.8369823	54	2	100	500	1.6666666	118.4724	9.87486	2	2	0	1	3.95124371858143
445	1	188988.7141	6883477.194	1043.105898	34.416775	179.23586	-2.4936507	3.625997782	-0.53997624	-0.8416803	100	3	98	1943	1.6666666	118.4724	9.683147	2	2	0	1	5.50533153593236
446	1	188744.6314	6883217.247	868.3151782	49.30349	179.23586	-5.0398445	-0.972627878	-0.69888055	-0.7152384	100	3	103	1969	1.6666666	118.4724	9.87486	2	2	0	1	5.18738580584075
447	1	188714.1186	6883232.225	873.8383447	36.362503	179.23586	1.830115	-1.940158367	-0.15245134	-0.988311	100	3	113	1711	1.6666666	118.4724	9.87486	2	2	0	1	3.68887945411394
452	1	153923.8836	6865608.563	759.3115576	39.881912	186.88692	0.66229534	-1.605956554	-0.70101315	0.71314836	59	3	85	866	1.3	76.600204	10.516772	1	2	0	5	5.48893772615669
453	1	153675.3549	6865340.4	840.9987207	44.365692	186.88692	-1.8966874	-0.890339732	-0.48064014	0.87691796	70	3	64	1261	1.3	76.600204	10.789718	1	2	1	5	4.12713438504509
454	1	144315.8259	6862174.251	885.9060376	41.581215	137.59412	-0.36344713	2.072422028	-0.3958331	-0.91832244	45	3	56	1879	1.2040817	67.036	9.052553	2	2	0	1	2.39789527279837
456	1	193246.3011	6882345.743	917.6606616	35.89493	194.94904	0.82190675	-2.564177275	-0.5873848	-0.80930775	96	3	112	1621	1.6590909	114.1125	10.117695	1	1	0	5	5.8406416573734
458	1	195834.6322	6882768.83	841.9038794	35.948345	196.47461	2.5944993	-3.131106138	-0.691244	-0.72262144	98	3	122	1587	1.6341463	108.0394	9.084314	3	1	0	1	5.94803498918065
460	1	184762.921	6878757.022	585.8867017	34.733963	182.28241	2.7878175	-2.196557522	-0.9998942	0.014545416	98	3	125	1435	1.68	112.0848	11.6993885	3	2	0	1	4.30406509320417
461	1	184727.6346	6878686.8	566.5648608	23.066952	182.28241	9.934032	0.353387684	-0.9922778	-0.124035515	87	3	118	2001	1.68	112.0848	11.6993885	3	2	0	1	4.18965474202643
462	1	185430.0189	6877489.58	592.0507227	26.708998	189.82326	-4.3876686	2.448630095	-0.7162647	-0.69782865	20	2	122	90	1.6666666	108.9038	11.150031	3	2	0	1	4.38202663467388
463	1	185486.969	6876848.849	664.3580933	30.1486	196.11174	-2.638696	2.247046232	0.78925824	0.61406136	81	3	102	1710	1.7333333	109.0988	10.602164	2	2	0	1	5.26269018890489
464	1	185670.6955	6876825.544	595.6892285	41.78219	196.11174	-3.2605777	3.190389156	0.6337202	0.7735623	78	3	137	935	1.7333333	109.0988	10.602164	3	2	0	1	7.01391547481053
465	1	185664.7303	6876854.605	583.4979761	38.461674	196.11174	0.50297886	-1.478603125	0.5041985	0.8635878	96	3	119	1349	1.7333333	109.0988	10.602164	3	2	0	1	6.25958146406492
466	1	185821.292	6876749.929	558.5980981	43.581905	196.11174	-4.0884423	-0.967016518	0.27230418	0.9622112	96	3	122	1702	1.7333333	109.0988	10.602164	3	2	0	1	9.73008609311673
467	1	186054.1008	6876883.365	550.9612183	48.56429	198.27689	-6.969491	-1.403358102	-0.12267021	-0.9924475	98	3	129	2079	1.6666666	106.342804	10.278843	3	2	0	1	6.3456363608286
468	1	186086.7122	6876872.878	553.3000757	39.217106	198.27689	-3.4639373	4.077459335	-0.025987409	-0.9996623	100	3	148	1790	1.6666666	106.342804	10.278843	3	2	0	1	8.36915711258883
469	1	186362.5472	6876666.119	525.4218237	44.06432	198.27689	-3.9926376	1.901581049	-0.6692697	-0.74301964	100	3	118	2127	1.6666666	106.342804	10.278843	3	3	0	1	6.46146817635372
470	1	186391.879	6876633.987	525.4495044	43.428288	198.27689	0.9378546	-4.46242857	-0.98029304	-0.1975488	76	3	123	1171	1.6666666	106.342804	10.278843	3	3	0	1	8.77924971622905
472	1	187090.2359	6876265.327	519.6702856	36.966732	200.88095	-10.260654	-1.650991321	-0.7628163	-0.6466152	37	3	42	165	1.5925926	106.6317	9.4951105	3	3	0	1	8.97030495299176
473	1	187123.326	6876225.354	498.0320996	50.308216	200.88095	15.026499	-7.375288486	-0.48555684	-0.8742051	71	3	153	771	1.5925926	106.6317	9.4951105	3	3	0	1	5.37063802812766
474	1	187176.3573	6876209.214	517.2133716	29.164566	200.88095	-2.3628922	0.360838234	0.1349219	-0.99085623	40	3	185	87	1.5925926	106.6317	9.4951105	3	3	0	1	10.4750036783013
475	1	187138.7019	6876033.411	493.8865479	33.149628	200.88095	1.5640528	-4.609731197	0.056500245	0.9984026	100	1	174	1654	1.5925926	106.6317	9.4951105	3	3	0	1	4.85981240436167
476	1	186658.8354	6873538.401	422.3625134	30.100414	213.13782	-0.91758716	0.092905983	-0.22829936	-0.97359097	98	3	79	2166	1.875	110.0867	8.666343	3	3	0	1	5.22035582507832
478	1	159770.6544	6873630.448	588.1073486	30.668438	226.32693	1.7240696	-4.219192028	-0.19793613	0.9802149	93	1	153	1809	1.4210526	85.9153	10.408647	2	4	1	1	7.05531284333975
479	1	155781.0386	6876079.488	764.6852026	43.790333	224.03793	0.15700659	1.689477324	0.4750836	0.8799407	57	3	53	1491	1.3783784	92.2616	9.465375	2	4	1	1	5.75257263882563
482	1	143229.326	6874386.064	966.6672144	38.14284	172.60054	1.1236371	-2.736148119	0.7110732	-0.70311797	3	3	34	164	1.3571428	82.4513	9.676886	3	4	0	1	5.15905529921453
483	1	143237.7284	6874411.446	972.8124048	39.265514	172.60054	2.5867918	-4.114575386	0.69165164	-0.72223127	98	3	70	2457	1.3571428	82.4513	9.676886	3	4	0	1	5.81413053182507
484	1	143449.3505	6874546.062	955.0631079	31.762455	172.60054	1.7126298	-2.724069357	0.58274347	-0.81265616	3	3	42	688	1.3571428	82.4513	9.760865	3	4	0	1	5.44241771052179
485	1	143998.1823	6874969.041	1006.671797	35.776947	172.60054	2.9785373	-0.751452923	0.59466016	-0.80397713	4	3	35	249	1.3571428	82.4513	9.982145	3	4	0	1	7.33823815006559
486	1	144794.0766	6874845.087	736.228396	34.287315	178.71184	0.5126496	-3.339723349	0.68196416	-0.7313856	56	2	99	478	1.2857143	84.9461	10.093277	3	4	0	1	1.94591014905531
492	1	133452.0133	6880104.345	943.1361133	26.933716	126.93141	1.7202244	-0.638457239	-0.7551081	0.65560025	70	3	92	843	1.25	60.3754	8.226375	2	4	0	1	5.29831736654804
497	1	155520.0297	6868796.297	879.6065601	36.417736	200.9944	0.5066722	-0.696550488	-0.94337285	-0.33173436	100	3	76	2380	1.4210526	83.3654	10.772296	1	2	0	5	5.37989735354046
498	1	156338.8213	6869344.941	933.9660498	44.701637	205.86955	-5.6771464	-1.479197383	-0.08606865	0.9962892	98	2	135	1419	1.3541666	83.863	10.653803	1	5	1	5	4.02535169073515
499	1	156698.725	6869550.857	839.8460986	38.437878	205.86955	1.8673916	-0.893985331	-0.4082475	0.9128713	46	3	66	712	1.3541666	83.863	11.125006	1	5	1	5	2.56494935746154
500	1	157030.5425	6869659.284	823.5150806	47.02414	207.84198	-3.3847234	0.471507043	-0.31881222	0.9478179	95	3	91	1506	1.245283	84.7468	10.827982	1	5	0	5	6.12468339089421
501	1	157235.372	6869652.489	841.0615625	42.025913	207.84198	3.9029949	3.009449959	-0.25461027	0.96704376	87	3	99	1502	1.245283	84.7468	10.827982	1	5	1	5	6.61204103483309
502	1	157106.1416	6869934.179	582.7239893	32.16993	207.84198	0.6050798	-0.200369388	0.059207123	0.9982457	100	3	126	1697	1.245283	84.7468	10.827982	1	4	0	5	7.00940893270864
503	1	157919.4522	6869648.17	937.8295703	40.95563	207.84198	1.9976174	2.730820656	0.09336459	0.995632	95	3	68	2322	1.245283	84.7468	10.531048	1	2	1	5	5.44241771052179
504	1	158004.9252	6869592.51	995.6255176	35.447918	210.09724	-0.4511094	-7.046392441	0.17069818	0.98532337	73	3	90	1381	1.1694915	85.5633	10.531048	1	2	1	5	4.7361984483945
505	1	158626.0254	6869627.433	1032.325386	45.037754	210.09724	-1.4167993	-0.313322723	-0.23562855	0.9718432	60	3	68	1135	1.1694915	85.5633	10.531048	1	2	0	5	5.8111409929767
506	1	159294.6083	6869842.776	982.2491016	45.199158	212.50743	-4.4236445	2.742761612	-0.23448884	0.9721188	81	3	94	1176	1.1694915	88.2611	10.45022	1	2	1	5	5.63478960316925
507	1	193639.0201	6858674.342	613.2859229	36.16474	201.06546	0.12105101	-0.140491962	0.9768433	-0.21395598	96	2	172	1677	1.6842105	141.3771	11.141867	3	2	0	1	2.56494935746154
508	1	193608.137	6858653.776	616.5305615	42.311737	201.06546	-0.31828082	3.918047428	0.1408082	-0.9900369	29	2	97	379	1.6842105	141.3771	11.141867	3	2	0	1	4.12713438504509
509	1	193551.9762	6858584.843	605.1158398	32.0739	201.06546	3.7365243	-12.02041912	0.58698446	-0.8095982	98	2	159	1569	1.6842105	141.3771	11.141867	3	2	0	1	5.18738580584075
510	1	193569.4273	6858596.644	619.6418213	45.009686	201.06546	-0.41611493	6.822820663	-0.43102163	-0.9023416	32	2	124	1	1.6842105	141.3771	11.141867	3	2	0	1	2.70805020110221
511	1	193221.8996	6858634.389	631.6983813	46.20613	201.06546	-0.13970014	6.885514736	0.24979265	-0.9682993	37	3	115	444	1.6842105	141.3771	11.141867	3	2	1	1	3.55534806148941
512	1	193148.5424	6858640.841	642.234751	33.46607	201.06546	0.5635664	-0.809392631	0.63481116	-0.7726673	98	3	159	1770	1.6842105	141.3771	11.141867	3	2	1	1	6.92853781816467
513	1	193088.6667	6858643.313	651.0750098	28.49501	201.06546	1.4250509	-8.115691185	0.3051298	-0.9523108	82	3	136	1264	1.6842105	141.3771	11.141867	3	2	1	1	7.47873482556787
514	1	192847.0371	6858313.456	590.3370825	31.72975	201.17726	2.5569801	-2.853586197	0.99652076	0.0833449	67	3	135	830	1.5862069	140.4308	11.4910145	3	4	0	1	5.63121178182137
521	1	258181.2062	6858306.769	612.4251343	25.479237	139.47926	3.135379	0.431677848	0.17937483	-0.9837808	43	1	83	1055	1.4333333	114.548096	12.842064	2	5	0	1	9.3476645628394
522	1	258119.264	6858352.709	650.5891528	30.491285	139.47926	1.2548271	-0.740065396	0.5113824	-0.85935324	98	1	188	1591	1.4333333	114.548096	12.842064	2	5	0	1	4.46590811865458
523	1	258030.7957	6858249.767	619.323291	31.12601	139.47926	-7.1139216	2.644633055	0.46764037	-0.8839188	90	1	151	1209	1.4333333	114.548096	12.842064	2	5	0	1	7.41637847919293
524	1	257790.944	6858151.445	652.4409375	23.77656	136.26646	-8.26848	0.239449039	0.63668114	-0.77112716	46	2	87	404	1.5	113.0606	12.842064	2	5	0	1	4.85203026391962
527	1	233946.9347	6868763.218	1100.374717	44.845222	108.94133	3.5664468	-3.054862022	0.7020451	-0.7121325	0	3	0	0	1.3333334	122.6007	18.824911	3	4	0	1	4.00733318523247
529	1	234956.378	6869121.313	1058.704092	32.867073	109.281845	1.2901472	-4.705634117	0.49508783	-0.86884296	23	3	22	1171	1.3214285	125.9814	18.855146	3	4	1	1	4.91265488573605
530	1	235122.0473	6869119.019	1025.588625	36.113503	108.9551	-2.2109437	2.608948708	0.27246535	-0.9621656	75	3	45	1643	1.3584906	123.9515	18.855146	3	4	0	1	6.37842618365159
531	1	235391.61	6869173.862	997.3278271	34.10247	108.9551	-0.20468651	0.087911144	0.73729855	-0.67556703	81	3	38	1708	1.3584906	123.9515	18.78371	3	4	0	1	4.39444915467244
536	1	207554.1286	6965167.648	722.2047998	24.902838	95.772865	2.5263412	-1.847936273	-0.003693874	0.9999932	28	3	64	636	1.3913044	84.8266	6.637537	3	4	0	1	3.49650756146648
537	1	207768.2858	6964935.597	801.2068457	28.791935	97.25437	1.299365	-0.429375142	0.43600208	0.8999457	12	3	54	443	1.1136364	83.8888	6.637537	2	4	1	1	5.4553211153577
547	1	171302.2461	6900395.633	967.7861694	27.219727	224.86917	3.2868989	0.115639031	0.8049551	0.5933356	34	3	81	404	1.4545455	115.7203	13.997036	3	4	1	1	3.63758615972639
554	1	179108.9701	6850386.064	1130.885083	28.868843	180.84532	-2.516162	-3.750478268	0.07935412	-0.9968465	0	3	24	1075	1.4081633	166.29161	13.4224	3	5	1	1	6.73578001424233
556	1	181571.1013	6849694.195	949.2852417	35.966423	179.82245	1.3772782	-5.479958057	0.7785687	-0.6275594	71	2	150	437	1.6111112	155.09709	13.148349	3	3	1	1	1.6094379124341
557	1	190155.8578	6853488.214	697.1652368	28.883871	193.84012	1.7347764	0.358106494	0.14502807	-0.98942757	29	2	140	428	1.7083334	148.7498	11.986893	3	4	1	1	5.89715386763674
558	1	190423.6647	6853514.85	691.1459741	31.237846	193.84012	0.9859353	-6.136955261	0.10067607	-0.99491924	98	1	223	680	1.7083334	148.7498	11.986893	3	4	1	1	4.04305126783455
560	1	204952.8535	6872029.026	589.4956152	30.587776	164.9513	-2.6112823	-2.563303709	0.9092786	-0.416188	0	2	0	0	1.6206896	89.4733	8.432381	3	4	1	1	6.95939851213398
561	1	174213.8031	6740278.103	201.4242163	23.549614	154.9454	-8.953007	1.668483019	0.86428666	0.50299954	92	2	173	1305	1.882353	112.7879	10.553832	3	5	0	1	5.13579843705026
563	1	98556.82454	6797800.689	641.0518604	44.55363	152.02023	-3.7173166	3.597722292	-0.24925627	-0.96843755	100	3	110	1202	1.0769231	86.1775	9.558058	3	3	1	4	8.39615486303918
564	1	218174.8036	6865183.265	598.0153809	46.674988	134.84297	8.047391	-1.858859181	0.68851	-0.7252269	89	2	233	295	1.4782609	100.8358	11.25316	1	4	0	5	3.63758615972639
565	1	218195.2053	6865189.175	590.8751636	40.62673	134.84297	1.3824798	-2.152432442	0.5430262	-0.8397157	98	2	206	1286	1.4782609	100.8358	11.25316	1	4	0	5	3.78418963391826
567	1	237604.7329	6682558.593	145.6101135	27.848473	100.56454	-3.2498713	2.278942108	0.59396833	0.8044884	93	1	159	1579	1.6521739	86.27	10.047026	3	4	1	2	3.09104245335832
568	1	195374.0922	6892371.968	657.7614722	28.87453	184.7487	0.6823951	0.757815063	-0.53112036	-0.8472964	76	1	133	1219	1.6666666	104.5866	7.522057	2	2	1	1	7.10987946307227
571	1	184512.4337	6775493.102	657.9291992	23.996468	132.39777	-0.383201	-2.130769253	-0.3266145	-0.94515765	0	3	37	514	1.4054054	114.9912	16.079552	2	2	1	1	7.89207842124812
573	0	235552.5	6723457.5	431.622041	28.090853	156.86833	5.578662	0.151054546	-0.97741205	0.21134256	100	1	211	1321	1.4857143	155.9352	13.902153	3	4	1	1	6.27476202124194
575	0	217662.5	6757582.5	839.4765234	25.066256	150.44928	-1.2827985	-1.37315011	0.4980266	0.86716175	60	1	118	996	1.3061224	145.6584	14.06168	2	4	0	1	3.78418963391826
576	0	78712.5	6782247.5	787.6852856	35.963917	116.3899	1.6670357	-2.911567688	0.6477064	0.76189	42	3	55	914	0.81578946	73.3916	10.5502825	1	3	0	5	5.04985600724954
579	0	141482.5	6881347.5	547.3694556	27.84734	165.25507	-1.6721042	0.450971901	0.70515764	0.7090506	0	2	47	536	1.12	73.1518	9.787223	1	4	0	5	9.15196945864985
580	0	108667.5	6790167.5	430.2500415	25.108486	162.81087	8.926168	-7.647982597	0.64356697	0.7653898	89	3	110	1845	1	99.4733	7.3398256	1	3	0	5	4.4188406077966
581	0	206267.5	6849377.5	1028.144531	37.798687	192.71735	1.1283458	-2.479427576	0.81769574	-0.5756507	100	3	91	1929	1.4130435	182.6754	14.129249	2	4	1	1	2.99573227355399
582	0	225487.5	6712402.5	532.5037842	37.037937	156.1743	0.83172935	-5.248612404	0.99522877	0.09756868	89	2	169	1079	1.4318181	164.73149	14.40388	1	4	1	5	3.2188758248682
583	0	240737.5	6721657.5	393.5011011	37.046078	155.29079	-2.5690975	-1.402403116	0.9939373	-0.10994815	98	1	227	1252	1.5151515	143.9106	15.008773	2	4	1	1	4.31748811353631
584	0	204337.5	6855992.5	532.4065259	29.871754	195.15012	1.1694407	-3.177473307	-0.99923193	0.03918599	81	2	159	879	1.7647059	156.3588	11.385575	3	2	0	1	3.40119738166216
585	0	207917.5	6772627.5	560.3634326	30.99687	141.63373	1.0705284	-0.094081044	-0.47797582	-0.87837297	95	1	238	672	1.4666667	145.6405	16.419594	3	5	1	1	3.40119738166216
586	0	161002.5	6752217.5	761.2840625	28.477476	144.60086	-2.4907024	0.729912937	0.39756292	0.91757494	100	1	107	2625	1.4857143	123.5665	8.666504	3	4	1	1	2.89037175789616
588	0	185517.5	6742807.5	1037.846123	29.272083	162.8321	13.510527	-3.089981079	0.46153083	-0.8871242	60	3	99	1367	1.3137255	136.3627	9.772995	1	5	0	5	3.13549421592915
592	0	58942.5	6730477.5	611.0499072	38.460552	99.21085	1.5836854	-3.739361525	-0.90262496	0.4304279	76	3	61	1037	0.71428573	79.8395	4.096519	1	4	0	5	6.64509096950564
593	0	183602.5	6789447.5	772.3458032	25.632658	126.624886	-1.5443588	1.018990755	-0.85181683	-0.5238398	96	1	182	1784	1.4102564	105.1445	12.456465	1	2	1	5	4.23410650459726
594	0	105987.5	6807157.5	718.3644946	38.597847	151.10823	-2.8318996	-1.383745313	-0.83012605	-0.55757576	81	3	94	933	1.1	113.9364	9.259461	2	4	0	1	5.48893772615669
595	0	217562.5	6849377.5	686.3513843	39.037292	156.98984	-5.9679813	0.635192513	0.23704965	-0.97149754	0	1	0	0	1.3888888	111.929504	10.461017	2	1	1	5	5.40717177146012
596	0	134762.5	6738612.5	749.6196411	28.895248	147.91443	0.42539126	0.633779943	-0.6518942	-0.7583099	93	1	204	1013	1.1794872	123.4666	11.86774	3	4	1	4	5.19295685089021
597	0	198527.5	6766562.5	667.5353638	28.397385	153.8437	-0.92715096	1.969352961	-0.9338253	-0.35772935	84	1	155	1694	1.3095238	140.8302	19.89092	2	4	1	1	5.39362754635236
598	0	158477.5	6743022.5	588.0140674	30.693357	156.98018	-1.0657874	-0.034986664	-0.04289416	-0.99907964	95	2	163	991	1.4285715	124.7772	8.848645	1	4	1	5	4.96284463025991
599	0	131067.5	6732537.5	849.6357617	26.101118	151.7008	-0.005490694	1.144265175	0.037298046	-0.9993042	53	3	92	533	1.1707317	121.6809	10.954148	3	4	1	1	4.77068462446567
600	0	226367.5	6701772.5	530.0693896	30.667276	149.31282	3.3138986	-2.142439365	0.99859893	-0.052917115	45	1	106	903	1.5609756	160.3353	15.658806	2	4	0	1	4.82028156560504
601	0	98372.5	6810012.5	651.4183667	34.506073	133.6826	-0.9598739	2.018944502	-0.655187	-0.7554667	96	2	130	1083	0.96363634	83.914795	6.860361	1	4	0	5	5.38449506278909
602	0	254237.5	6720447.5	578.0687402	23.508097	145.78288	0.7224899	-0.417539388	0.7027388	-0.71144795	1	1	50	156	1.6756756	142.9736	11.184584	1	4	1	5	3.78418963391826
603	0	147792.5	6797692.5	630.9594507	28.134638	167.67557	0.40899256	0.472576529	0.1268812	0.9919179	100	1	101	2156	1.4418604	154.6712	11.909237	3	2	0	1	4.38202663467388
604	0	210367.5	6862327.5	769.8348071	26.93472	167.38092	-0.13897921	0.039331336	-0.6475358	-0.7620351	100	2	188	1241	1.617647	109.1579	14.658673	2	2	0	3	5.27299955856375
605	0	225052.5	6742292.5	701.6808057	27.09806	148.10393	0.42753035	-0.94675678	-0.9661566	0.2579562	59	1	116	1000	1.3043479	171.106	9.455008	2	4	1	1	2.484906649788
606	0	107132.5	6791772.5	707.6180469	42.099	163.73366	-7.2862444	7.742554665	0.99805254	0.062378965	89	2	165	385	1.0869565	97.4679	6.903122	2	3	1	1	8.82849412946665
607	0	117992.5	6790967.5	579.7032349	28.651495	159.15205	0.17819098	-2.432717323	0.22884321	0.9734633	95	3	104	1025	1.0833334	116.4004	6.652338	3	4	0	4	8.62083222617572
609	0	99007.5	6789292.5	899.0668652	37.66857	155.46024	-3.4402578	2.250103474	-0.82143617	0.57030046	82	3	64	2119	1	84.3741	8.708324	3	3	0	4	6.22455842927536
610	0	198522.5	6767617.5	827.1136401	40.678543	151.7513	-0.042572647	-0.121967182	-0.89911056	-0.43772158	68	1	146	1027	1.2954545	143.7881	20.629244	2	4	1	1	4.29045944114839
611	0	152542.5	6798187.5	722.7064893	34.275642	163.59071	-0.8526806	1.595307708	0.78373075	-0.6211007	100	3	141	1366	1.5	139.7387	11.772351	2	2	0	1	4.00733318523247
612	0	200022.5	6868712.5	697.3112427	31.763044	186.33897	-1.2666552	0.951655328	-0.8772905	-0.47995982	70	2	85	634	1.6538461	103.8308	9.27367	1	2	0	5	2.63905732961526
613	0	208552.5	6753727.5	768.1144751	36.724503	162.3601	-1.032285	2.258271694	-0.9903377	-0.13867648	93	1	176	1020	1.4102564	145.1201	11.117005	2	4	0	1	2.39789527279837
614	0	203072.5	6751257.5	663.509751	30.12585	165.38547	-1.3287414	0.459989011	0.9262534	0.37690142	35	1	137	770	1.3888888	152.5165	9.597355	3	4	1	1	2.56494935746154
615	0	183912.5	6879367.5	675.8337549	34.364594	177.84169	3.2324321	-7.297616482	0.9954322	-0.095470995	98	3	130	2098	1.7241379	115.0916	11.903923	3	2	0	1	3.29583686600433
616	0	207997.5	6860322.5	710.4384326	31.924284	179.84557	2.53114	-1.969592452	0.2790804	0.9602677	78	3	110	904	1.6896552	128.7835	14.953653	2	2	0	1	6.00635315960173
617	0	201262.5	6886662.5	817.6902954	32.54128	179.50443	-1.1072546	0.341807872	-0.5147095	0.85736465	67	1	131	516	1.7096775	94.793	8.688206	3	3	0	1	8.06274790108635
618	0	135582.5	6733907.5	738.3717383	31.856457	161.16321	0.042210903	1.649701118	0.5459166	0.8378395	75	1	206	784	1.1555556	128.253	12.906811	2	4	1	1	3.93182563272433
619	0	220822.5	6740342.5	628.0710449	26.45021	150.35329	-4.794667	5.804131985	-0.9896602	0.14343166	59	1	131	952	1.2820513	157.8642	8.077465	2	4	1	1	3.87120101090789
620	0	159142.5	6739702.5	676.0683325	34.86217	162.43735	-1.32246	0.596036017	0.2769155	-0.9608943	25	2	117	712	1.4193548	127.0593	9.334294	2	4	1	1	4.83628190695148
621	0	231087.5	6709232.5	371.4128125	27.60101	155.70634	-9.828846	2.735269785	-0.982387	0.18685772	64	1	123	1538	1.6363636	157.432	13.510798	2	4	1	1	5.78996017089725
622	0	238432.5	6736447.5	478.978551	23.56989	152.41895	-1.2073272	0.613180578	-0.5590358	-0.8291435	100	1	173	1738	1.25	172.8051	12.24685	3	4	1	1	5.14749447681345
623	0	170077.5	6729692.5	672.9033984	24.96707	154.42542	2.3722045	-1.205139279	-0.058746196	-0.99827296	98	2	202	802	1.5555556	120.881	10.052314	3	4	1	1	3.25809653802148
624	0	157727.5	6739152.5	702.1170532	35.259678	163.30505	1.6356744	-6.689296246	0.58629537	-0.8100974	96	1	192	552	1.3170732	126.7292	9.457698	3	4	0	1	6.43294009273918
625	0	143842.5	6737137.5	723.0270435	29.645765	165.16284	0.5618789	-0.16119726	0.61759305	-0.78649783	100	1	212	1098	1.2666667	129.935	12.971813	1	4	1	5	5.09375020080676
626	0	212872.5	6855052.5	497.2715503	43.202194	178.19331	7.0041213	0.95576185	-0.96736103	-0.2534021	95	2	136	816	1.6428572	127.7258	10.746732	2	4	0	5	5.31320597904179
627	0	243082.5	6731222.5	489.0318298	31.784904	153.94397	3.8571162	-0.956887603	0.91761434	-0.39747187	0	2	45	404	1.2972972	149.6722	13.226672	2	4	1	1	6.76619171466035
628	0	113312.5	6787022.5	725.9394165	34.530598	157.78053	0.9030867	-5.15175724	-0.78156453	-0.62382436	81	3	66	1709	1.122807	108.0003	8.23793	1	4	0	5	4.63472898822964
629	0	158757.5	6796957.5	569.4112036	25.937662	158.94095	0.013525645	0.335615486	-0.9056967	-0.42392632	48	2	83	908	1.4411764	133.968	12.16798	2	4	0	1	3.52636052461616
630	0	211022.5	6760597.5	432.6670825	32.60013	156.0127	-7.421086	4.811565399	0.94909567	0.31498796	89	1	194	540	1.3793104	144.8831	12.342598	2	4	0	1	5.95583736946483
631	0	120307.5	6791027.5	549.3497144	22.577295	157.32187	1.8560672	0.819534004	-0.99983126	0.018371036	89	3	128	901	1.0294118	115.2358	6.808827	3	4	0	2	2.30258509299405
632	0	262127.5	6859467.5	521.2020825	25.380327	150.5111	0.6947549	0.727245092	0.99972284	0.023541378	93	1	170	1071	1.4814814	120.9605	14.475486	3	4	1	1	2.19722457733622
634	0	226497.5	6737462.5	505.5924146	29.27518	150.77725	5.675808	0.933962405	-0.32071295	0.94717646	0	1	0	0	1.2368422	164.9018	8.386564	3	4	1	1	12.9393992141831
635	0	221262.5	6739362.5	539.7139453	35.9002	150.26242	-7.252356	3.284811974	0.98905575	0.1475422	62	2	134	513	1.1621622	160.1825	8.246807	2	4	1	1	2.94443897916644
636	0	176987.5	6734342.5	548.046377	22.51149	152.981	1.8363764	-0.014541513	-0.91392905	-0.40587395	76	2	148	415	1.6666666	107.0213	10.8350315	2	4	1	1	4.65396035015752
637	0	118502.5	6790997.5	538.0102759	23.6113	158.4754	-2.54188	-0.220747158	-0.19789594	0.98022306	98	3	95	1194	1.0877193	117.43919	6.652338	3	4	0	4	1.94591014905531
638	0	210087.5	6765852.5	690.1416626	26.130787	151.43683	4.6374593	-0.412697017	-0.974187	-0.22574235	90	1	155	1538	1.3571428	143.424	16.72707	2	4	0	1	7.22183582528845
639	0	225847.5	6704577.5	704.2085303	26.149473	152.16046	0.005780557	0.15125908	0.99758	-0.069528036	18	1	78	181	1.462963	169.054	15.651019	2	4	1	1	2.89037175789616
640	0	211217.5	6765857.5	881.0470459	29.331194	150.41393	-9.179084	6.183640957	-0.4545589	-0.8907167	48	1	125	451	1.3111111	144.0209	17.581017	2	5	0	1	2.484906649788
641	0	207137.5	6759842.5	714.0945386	32.181877	160.69221	4.7851214	1.809769869	0.31438625	-0.94929516	75	1	115	1090	1.3947369	152.7435	11.372759	3	5	1	1	3.36729582998647
643	0	142567.5	6803532.5	768.2257251	25.113691	160.23538	1.4757776	-2.004349232	0.524606	0.8513451	90	3	95	1280	1.2826087	110.352104	8.890334	2	2	0	1	4.88280192258637
644	0	226557.5	6740397.5	678.5359961	30.80763	148.93562	-14.100649	6.949907303	0.9110214	0.41235906	62	1	123	926	1.2954545	169.7385	8.915291	2	4	0	1	1.6094379124341
645	0	166847.5	6738717.5	833.8057471	24.882338	158.70663	0.81497973	-0.570762455	0.40925172	0.9124215	84	1	167	1055	1.3255814	128.1902	9.568035	2	4	1	1	8.11102783819368
646	0	214622.5	6859867.5	822.8165283	22.134655	164.32198	2.3710966	-4.469889641	-0.98665017	-0.1628542	90	1	150	1416	1.6129032	117.0122	13.107898	1	2	0	5	10.7944194499434
647	0	148912.5	6923142.5	882.0223706	22.838585	152.8708	-0.9760915	2.240031481	-0.74742323	-0.6643482	71	3	86	1384	1.027027	84.7322	7.209568	2	4	1	1	4.63472898822964
648	0	172702.5	6734422.5	865.7503198	21.61578	155.89713	-0.03883268	2.014995337	-0.9590581	0.28320947	54	1	108	805	1.3414634	115.2479	10.249747	2	5	1	1	3.2188758248682
649	0	216687.5	6756812.5	795.1347974	24.943491	152.6932	-0.10116427	0.539909959	-0.047100365	-0.99889016	67	1	141	891	1.2571429	148.1222	12.428033	1	4	0	5	2.30258509299405
650	0	196422.5	6756242.5	817.3730713	23.500725	169.4936	-1.3066182	0.29769814	0.93837374	0.3456222	87	1	187	1414	1.3658537	159.4088	9.147657	3	5	1	1	9.67790352568256
651	0	222542.5	6699542.5	735.1891333	25.30545	146.43904	3.046623	-2.525837898	-0.8084144	-0.5886138	32	1	84	987	1.4042553	150.1501	11.744569	1	4	0	5	3.2188758248682
652	0	143247.5	6736462.5	732.2133179	24.293093	167.18472	-0.17616402	2.259041071	0.7935598	-0.60849226	98	1	216	910	1.1612903	131.7011	12.917786	2	4	1	1	4.77068462446567
653	0	120487.5	6788687.5	742.4337329	21.043135	155.37198	0.74696463	-3.111140966	0.94179606	0.33618465	92	3	124	939	1.1395348	124.4787	6.560809	3	4	0	1	7.13169851046691
654	0	194842.5	6726377.5	730.4968921	28.382025	144.50526	2.521723	-0.332339525	-0.9834891	-0.1809675	87	2	174	854	1.2380953	129.5049	13.979154	3	4	1	1	8.21716859576607
656	0	207957.5	6832962.5	818.4821802	20.182873	153.92767	-2.2258697	0.632304072	-0.4043039	0.9146247	62	1	138	538	1.3061224	127.134796	12.9419365	3	2	0	1	2.94443897916644
657	0	114252.5	6786092.5	776.8396069	31.37321	155.78226	2.9357755	-6.951812267	-0.96672744	-0.2558087	100	3	102	1715	1.0806452	111.1008	8.604827	1	4	0	5	5.72031177660741
658	0	149812.5	6860422.5	798.8957007	32.710728	153.50504	1.2101781	-1.236882448	-0.488459	0.87258685	98	3	102	2044	1.3103448	73.9458	11.701981	2	4	0	1	3.76120011569356
659	0	233337.5	6733237.5	510.8574817	25.245441	153.83255	0.93859655	1.077278137	0.6468574	0.762611	100	1	150	1726	1.2820513	177.4118	9.746556	1	4	0	5	4.79579054559674
661	0	213097.5	6701207.5	534.0104053	34.278103	141.37648	0.26252285	1.125950575	0.99675643	0.08047733	65	1	107	991	1.2727273	126.823204	11.148416	2	4	0	1	2.56494935746154
663	0	225817.5	6856447.5	962.6496606	29.8767	117.39825	-6.207867	1.322659969	-0.568556	-0.82264453	85	3	74	2161	1.4318181	102.1147	10.309676	1	4	1	5	4.91265488573605
664	0	232782.5	6722302.5	293.1725269	21.602278	157.09587	4.862481	-1.350536466	-0.8963808	-0.4432849	48	2	155	658	1.3103448	152.6303	13.771367	2	4	1	1	2.83321334405622
665	0	252257.5	6714492.5	276.0444763	30.665857	144.02899	-1.6350269	-1.152663589	-0.6717144	0.7408102	65	1	178	959	1.6428572	126.071	13.9815235	2	4	1	1	1.38629436111989
666	0	205102.5	6669192.5	272.9705798	33.5605	110.52099	-7.806951	4.223932743	-0.9000527	0.43578097	70	1	164	931	1.4871795	102.2065	11.898062	1	4	0	5	3.3322045101752
667	0	211397.5	6659132.5	189.7755048	34.530823	109.29192	-2.7908173	-1.966144323	-0.7052716	-0.70893717	56	2	171	102	1.7142857	81.7457	11.530279	1	3	1	5	3.29583686600433
668	0	234742.5	6765442.5	343.8394727	27.322247	121.23279	6.5797763	1.023057699	0.4573775	-0.88927263	64	2	135	657	1.2702702	125.2344	12.996971	1	5	0	5	6.33150184989369
669	0	282037.5	6727672.5	526.9585815	28.888401	135.2179	3.68414	-1.752041578	0.9510657	0.30898863	0	1	0	0	1.4166666	141.9996	15.388105	2	2	1	1	8.41516046585109
670	0	253832.5	6690147.5	442.1462964	33.067566	131.03165	0.51518726	-0.539324462	-0.60410964	0.7969012	100	3	143	1994	1.6944444	120.773796	14.628342	1	1	0	5	3.49650756146648
671	0	99647.5	6810192.5	501.7575269	29.80213	135.49335	-1.977199	0.900457263	0.7047229	-0.7094827	100	2	192	1229	1	84.638	7.325418	2	4	1	1	5.53338948872752
672	0	228297.5	6699182.5	318.9706738	34.643173	146.39944	-0.24939518	4.554271698	0.84564215	-0.5337503	79	2	200	492	1.5333333	145.8	12.130195	1	4	1	5	4.68213122712422
673	0	111067.5	6790142.5	775.1709253	30.882269	162.75412	-0.66011775	-2.788272142	-0.1005861	-0.99492836	93	3	94	1607	1.0847458	104.9071	6.9813023	1	3	0	5	4.87519732320115
674	0	205292.5	6875847.5	467.6063611	34.52264	156.46526	1.3144393	-0.181131944	-0.78826195	-0.6153398	78	1	223	525	1.7857143	87.6919	7.5014257	3	4	0	1	2.39789527279837
675	0	208807.5	6751987.5	558.8010596	35.186523	163.08994	2.0033355	-1.102016091	0.2605388	-0.9654634	68	2	215	25	1.5172414	144.4802	9.666986	3	4	1	1	4.26267987704132
679	0	99597.5	6798662.5	1029.335537	39.119335	153.19728	-1.2387712	-2.852726221	0.4518035	-0.8921175	57	3	57	758	1.0701754	92.3476	8.8193655	1	4	0	5	8.69801362208393
683	0	206737.5	6883017.5	1019.960278	27.533875	149.5346	-1.7188954	0.315420985	-0.92696947	-0.37513682	76	3	64	2064	1.5217391	92.4637	10.0576105	3	4	0	1	5.73979291217923
692	0	159517.5	6780922.5	1025.371953	32.750366	157.024	1.6874402	-0.509639919	0.8498416	0.5270382	64	3	90	900	1.2063493	164.48169	12.319943	3	2	1	1	2.63905732961526
696	0	217667.5	6691657.5	376.5259045	22.07097	136.13907	-0.92367846	0.299866498	0.046164464	-0.99893385	68	2	155	462	1.4444444	117.5456	15.587016	2	4	0	1	2.94443897916644
697	0	242472.5	6748722.5	472.3850769	21.759113	142.90942	-0.85154784	1.255502939	-0.9864699	-0.1639423	0	3	0	0	1.2195122	152.7223	15.374748	3	2	1	1	5.47227067367148
698	0	195612.5	6715197.5	470.7057983	21.739014	132.01234	-1.452893	2.380129337	-0.87763995	-0.4793205	82	1	192	139	1.2195122	100.6828	12.354882	2	4	1	1	2.30258509299405
699	0	82737.5	6773507.5	556.7356396	51.79304	103.44156	0.9823705	2.677526712	0.22162129	-0.9751328	14	3	25	450	0.890625	70.1864	9.52612	1	4	0	5	2.19722457733622
700	0	186612.5	6778222.5	491.6858594	39.262825	129.65285	4.721114	-0.788143754	0.9999944	0.003341506	85	1	215	741	1.4	110.682	17.565252	2	2	0	1	4.54329478227
701	0	176202.5	6781047.5	869.2285669	23.927767	138.82538	-0.45678875	0.107068673	0.50054234	0.86571205	96	1	170	1272	1.4722222	112.5296	17.065134	3	2	1	1	7.5522372875608
702	0	262772.5	6856912.5	599.2884937	34.972248	146.31581	-0.22255592	1.342727304	0.9753974	0.22045396	96	1	213	968	1.5277778	119.9643	13.61213	3	5	1	1	8.43750042250699
703	0	261327.5	6699012.5	654.5305762	33.616043	131.52335	6.1289544	-4.290889263	-0.8926209	-0.4508081	93	1	138	1674	1.7555555	121.8618	19.602821	3	4	1	1	4.15888308335967
704	0	276227.5	6714752.5	483.2804309	21.576294	134.5153	1.6932255	-1.375661254	-0.1958628	-0.9806313	95	1	199	1693	1.6285714	138.8111	10.9573	2	4	1	1	7.69984240739699
705	0	215842.5	6864862.5	484.2145654	30.712124	146.47801	0.23834285	1.896604538	-0.10940646	-0.9939971	96	2	199	981	1.5789474	103.095695	10.362457	3	4	0	1	3.2188758248682
706	0	182017.5	6785452.5	513.3948291	21.231653	130.53552	-2.9032357	2.693556309	0.941924	-0.3358261	59	2	154	679	1.5	103.2153	15.884414	3	2	1	1	5.24702407216049
707	0	163902.5	6703647.5	773.563252	31.653847	124.828896	-2.861178	-1.333843946	-0.9977039	0.06772672	84	1	124	1340	1.1590909	105.4571	6.936516	1	5	1	5	6.80239476332431
708	0	218022.5	6838242.5	397.5062769	27.635025	141.55768	1.4034586	-0.712391019	0.67115825	-0.74131405	98	1	200	961	1.1923077	108.0923	12.119399	2	5	0	1	3.46573590279973
709	0	190927.5	6765427.5	757.3026123	30.226957	150.5349	2.435625	-2.955742121	-0.760581	-0.649243	95	1	194	636	1.4473684	128.0824	14.097321	3	4	1	1	1.6094379124341
710	0	280352.5	6868537.5	610.8332593	34.017487	133.78006	0.063747466	-4.543137074	-0.74776655	-0.66396177	82	2	145	507	1.4	112.4031	13.015421	3	4	1	1	3.80666248977032
711	0	179057.5	6730837.5	707.5133618	36.00858	145.8563	-1.475353	0.261590362	-0.8009456	-0.5987371	90	2	187	999	1.3846154	104.1357	9.902791	2	5	0	1	4.14313472639153
712	0	172162.5	6789962.5	568.607959	28.431309	141.42448	0.28591168	-0.485504329	0.9998651	0.016425423	96	1	272	441	1.4166666	112.4112	17.488745	2	2	0	1	4.58496747867057
713	0	212567.5	6742352.5	504.0729395	37.80935	157.29706	-4.356643	4.434313774	-0.768354	-0.64002514	96	1	177	1450	1.2647059	155.42009	10.002805	2	4	1	1	6.30627528694802
714	0	141692.5	6929022.5	447.0929419	28.58649	122.1526	1.1426686	-0.324294239	0.9034442	0.4287058	4	3	27	43	1.2	68.7874	7.7092338	3	4	0	1	2.94443897916644
715	0	112987.5	6813042.5	460.6293225	25.19143	143.24564	-1.2275437	0.912705243	-0.9567964	0.29075864	100	3	130	1476	1.2222222	101.8662	9.935729	3	4	0	4	2.89037175789616
716	0	229752.5	6804717.5	624.9128198	36.427124	118.70168	-6.1950645	3.125140667	0.7205767	0.69337523	23	1	76	803	1.35	138.3092	14.407896	2	4	1	1	4.20469261939097
717	0	209082.5	6694947.5	435.0049927	29.561995	130.58824	-0.71980596	0.096785858	0.9855549	0.16935626	96	3	149	1775	1.3589743	122.8139	16.34503	2	4	1	1	2.484906649788
718	0	175277.5	6784977.5	523.1522534	23.741198	139.70761	-0.06063525	-2.397764206	0.39036414	0.92066056	100	1	183	1647	1.46875	108.4008	16.896154	2	2	1	1	6.34212141872115
719	0	178497.5	6730597.5	473.4882043	26.131126	146.21005	2.579821	-0.609890878	-0.81387794	-0.58103585	0	2	0	0	1.6190476	102.4664	9.902791	2	4	1	1	6.35957386867238
720	0	200287.5	6704152.5	357.5557544	23.012959	123.320015	5.4200454	-0.701863706	-0.20924318	0.9778636	70	1	152	1091	1.3428571	117.9168	14.117014	2	4	1	1	3.63758615972639
721	0	219292.5	6842207.5	518.0091992	35.496044	140.0591	1.1168737	-2.436007023	0.943914	-0.33019146	87	1	212	609	1.24	101.7096	11.212436	1	4	0	5	5.51745289646471
722	0	215282.5	6694537.5	590.8417456	28.789362	137.65659	20.6293	-6.371385098	0.6092365	0.7929886	81	1	129	1034	1.3333334	120.0099	16.01728	1	4	0	5	4.06044301054642
723	0	171767.5	6793277.5	492.8774512	30.843346	138.14569	-1.3386517	0.667378604	-0.21737692	-0.97608775	0	1	0	0	1.4285715	105.3542	14.974835	3	5	1	1	4.88280192258637
724	0	223772.5	6739567.5	544.1959863	27.408525	149.6847	-2.178223	-0.450322509	0.9992541	-0.03861604	25	1	85	920	1.3	165.875	7.9057646	2	4	1	1	6.19440539110467
725	0	220672.5	6740402.5	607.2821313	29.879833	150.35329	1.4218196	-0.323688209	-0.8121035	-0.5835134	71	2	161	696	1.2820513	157.8642	8.077465	3	4	1	1	2.56494935746154
726	0	179002.5	6720422.5	597.9461743	33.4785	133.82384	-1.1817281	-1.100907803	0.99679804	0.07996068	100	1	200	1419	1.5	112.0767	10.925017	3	4	1	1	2.30258509299405
727	0	219767.5	6851352.5	555.3166382	31.55899	147.50966	0.24101417	-0.415118635	-0.6859069	0.7276894	98	1	209	1214	1.3157895	110.7444	11.618876	2	2	0	5	2.99573227355399
728	0	252572.5	6716537.5	426.2538538	25.878162	144.93196	-0.85668385	3.879038811	-0.8902245	0.45552206	96	1	172	1599	1.6764706	134.5014	14.005619	2	4	1	1	1.38629436111989
729	0	225602.5	6757002.5	486.9634229	28.66991	137.51675	3.478318	-0.312848926	-0.008696057	-0.9999622	84	3	137	1343	1.3414634	142.3215	18.494545	2	2	1	1	5.10594547390058
731	0	147632.5	6859827.5	674.6486719	22.888817	140.3855	-1.9835387	2.104068756	-0.8767259	0.48099026	87	1	141	1626	1.3333334	79.1069	10.705096	3	4	0	1	8.65903991564447
732	0	219902.5	6735177.5	283.4594397	26.332342	152.44029	0.9450914	-1.133565784	-0.9564628	-0.29185432	60	2	132	353	1.2666667	149.68181	10.312077	3	4	1	1	5.55295958492162
733	0	210697.5	6759972.5	502.6051514	26.190306	157.87755	1.7662327	-2.651985168	0.5105981	-0.8598195	96	1	187	1490	1.3939394	149.2456	11.727958	2	4	1	1	3.49650756146648
734	0	274417.5	6730847.5	224.5057629	31.271866	154.23293	6.4189873	0.474258363	0.9536966	0.30077028	98	3	152	1996	1.3793104	137.32721	15.673789	3	4	1	1	2.19722457733622
735	0	115002.5	6793077.5	444.6007422	35.071632	163.03294	-6.954931	1.865367293	0.9930875	0.1173764	59	3	97	543	1.030303	92.101395	5.9540753	2	4	0	1	4.26267987704132
736	0	229647.5	6753102.5	353.6662183	36.489567	138.15923	-0.6947046	0.715051293	0.27181974	0.96234816	32	1	137	498	1.0344827	144.5887	17.92093	3	2	0	4	7.35115822643069
737	0	215967.5	6735822.5	338.5060168	29.586596	153.37065	0.4426543	0.745662153	0.1741451	-0.98472	82	2	197	651	1.2692307	155.8934	10.613773	1	4	0	5	4.31748811353631
738	0	225427.5	6730522.5	186.50716	21.67856	154.31133	7.3286138	-0.567716956	-0.96766794	-0.25222751	98	1	188	1531	1.2222222	155.1241	11.843191	2	4	1	1	6.07304453410041
739	0	210837.5	6693757.5	235.6927631	22.933125	131.10185	1.1005185	0.32225427	0.8097426	0.5867852	0	1	50	123	1.3333334	122.4739	17.005909	3	4	1	1	2.83321334405622
740	0	230787.5	6806517.5	488.6878699	35.705086	119.821304	3.546529	-11.37058067	0.8551708	-0.5183463	98	1	109	2419	1.3611112	137.5315	13.971624	3	4	0	1	6.19236248947487
741	0	186047.5	6713412.5	489.1136304	22.232008	125.34255	0.005550447	0.25527212	0.75483394	0.6559159	95	1	158	1720	1.3333334	97.9833	10.129317	3	4	1	1	4.77068462446567
742	0	195682.5	6710392.5	303.189574	36.660515	125.60848	-2.656313	0.441870779	0.8630997	0.5050336	79	2	114	827	1.3076923	110.2593	11.912253	1	3	0	5	2.99573227355399
743	0	147177.5	6766772.5	665.7029565	20.25118	118.85403	6.0767937	-3.089261055	-0.80058944	-0.59921324	46	3	119	399	1.4	117.8808	8.901072	3	4	0	1	5.15329159449778
744	0	215327.5	6703197.5	267.4168054	25.579632	145.06015	4.1773944	-3.717117548	0.9989017	0.04685505	50	2	108	658	1.4117647	132.2093	9.595075	3	2	0	1	2.63905732961526
745	0	215212.5	6848142.5	297.2448376	23.858936	165.78204	-0.44796056	1.280882239	0.3171423	-0.94837797	100	2	151	1676	1.4666667	122.025604	9.786202	2	4	0	5	2.484906649788
746	0	236457.5	6728942.5	456.3335962	27.357113	155.74924	1.4716953	0.23206155	0.99999964	0.000820235	100	1	221	1351	1.3157895	170.6281	12.136109	2	4	1	1	3.46573590279973
747	0	212677.5	6725102.5	428.5721301	34.538498	149.09975	1.4406477	2.922146797	-0.91225815	-0.40961576	100	3	155	2245	1.2368422	158.1789	14.346822	2	4	0	1	5.6937321388027
756	0	234267.5	6770637.5	414.0955322	32.899998	117.18101	1.3803709	2.099252701	-0.755299	-0.6553804	100	1	257	801	1.3055556	120.0594	13.777688	1	2	1	5	3.46573590279973
757	0	272862.5	6706167.5	388.3326514	26.242792	125.17398	2.0849805	-2.059052706	0.732944	0.680289	95	1	187	1693	1.6857142	132.6629	18.146183	3	4	1	1	2.19722457733622
758	0	284012.5	6873342.5	443.6026831	35.200283	117.25254	3.4898822	-0.023565069	0.52448523	-0.85141957	100	1	182	1149	1.2916666	95.0066	8.589929	3	4	0	2	1.94591014905531
759	0	252012.5	6681192.5	519.7719287	26.101748	118.02943	-4.3551497	-0.525989592	-0.9867081	-0.16250275	100	1	132	2531	1.6304348	122.5646	15.845998	3	3	1	1	9.93711573351611
760	0	194952.5	6946547.5	451.9240112	36.61619	110.64953	-0.19743964	-1.949973822	0.85640997	-0.5162964	96	3	130	1164	1.3275862	67.4285	6.1336784	2	4	0	1	4.55387689160054
761	0	212172.5	6678627.5	461.165542	28.221031	118.83553	9.583353	-0.899713099	-0.999768	0.02153851	0	2	0	0	1.3658537	108.9611	12.8565	1	5	0	5	3.89182029811063
763	0	60312.5	6729727.5	666.9973022	52.399036	106.95673	-2.33539	2.669609785	0.75331944	0.65765476	37	3	45	361	0.8358209	82.2839	3.893703	1	4	1	5	5.58724865840025
764	0	186802.5	6775977.5	597.8127637	42.742317	131.68617	0.7512771	-2.704640865	0.906677	-0.42182556	87	1	236	687	1.4	110.555	15.668325	1	2	1	5	4.35670882668959
765	0	78877.5	6777607.5	513.686134	55.52336	106.54315	41.097607	-16.91747284	-0.6232438	0.7820276	56	2	230	288	0.8472222	60.4815	9.489443	1	4	0	5	12.7675324465137
766	0	78687.5	6779267.5	508.8455151	38.403976	110.61794	-0.56238043	0.624963343	-0.95481867	0.29718903	100	3	106	1103	0.9137931	64.2548	11.171637	2	4	1	3	7.02908756414966
767	0	78622.5	6800332.5	533.100332	42.876152	121.81768	-1.2970998	0.753505647	0.3857999	0.92258245	87	2	163	516	0.96363634	67.9949	9.0884495	1	4	0	5	5.81413053182507
768	0	261862.5	6686942.5	442.9816418	31.49143	121.505844	-3.3440237	-2.19224143	-0.3650488	-0.9309884	95	3	150	1831	1.6363636	119.1641	20.11914	1	4	0	5	6.78784498230958
769	0	228077.5	6775857.5	527.2504639	36.452393	116.39485	7.065855	10.70093346	-0.8626068	-0.50587493	79	2	223	766	1.3571428	136.8028	14.023651	3	2	0	1	13.4906941277388
770	0	203212.5	6827472.5	719.1579956	27.038774	141.11244	2.4655807	-4.196235657	0.034727655	-0.9993968	98	2	172	769	1.3243244	124.4798	11.797627	3	2	1	1	3.2188758248682
771	0	279952.5	6709617.5	572.0748364	28.638325	118.71049	-2.5996783	1.274061918	0.8964565	0.44313174	90	1	238	719	1.8444444	131.5252	11.680598	3	4	1	1	4.26267987704132
772	0	231017.5	6761122.5	451.0544836	34.485886	126.756775	0.54823714	0.964008629	0.75752485	-0.65280634	100	1	212	1183	1.2	135.2944	22.681736	3	5	1	1	5.08140436498446
773	0	258632.5	6683632.5	477.5649146	30.152702	118.826744	0.8612695	-1.9375	0.9718103	-0.23576431	100	1	174	1707	1.6829268	119.4411	15.531203	1	4	1	5	2.56494935746154
774	0	92817.5	6812092.5	638.4653906	33.26679	116.493996	-6.828656	0.104331985	-0.87726736	-0.48000208	89	2	128	707	1.137931	87.0846	6.7064404	1	4	0	5	4.62497281328427
775	0	200632.5	6703302.5	529.0509497	26.607227	122.7684	1.1366088	-0.319777876	0.6390755	0.769144	53	1	133	767	1.1818181	119.5811	14.686411	2	4	1	1	3.66356164612965
776	0	182137.5	6721592.5	572.7860864	31.626577	133.35687	-5.1019597	2.09162426	-0.993465	-0.11413726	62	2	96	424	1.275	107.3185	9.2515135	2	3	1	1	4.46590811865458
777	0	188452.5	6772692.5	484.9541199	25.255863	138.22144	-0.9794768	2.293701887	-0.72642946	0.687241	89	2	153	1031	1.4411764	116.2043	13.5244255	2	4	1	1	2.39789527279837
779	0	261937.5	6698147.5	574.2792505	24.51801	131.29991	-0.2669969	2.153022766	0.5249112	0.851157	65	2	116	852	1.8571428	120.764206	20.728954	2	4	1	1	3.49650756146648
780	0	166897.5	6791972.5	644.0733325	35.86324	151.15077	2.29193	-1.422533035	-0.037708703	0.9992888	67	2	118	353	1.4285715	117.4395	15.808265	3	2	1	1	8.58335539366991
781	0	93252.5	6802942.5	537.2653247	34.340595	139.48767	-0.09997634	2.391215086	-0.21887045	0.9757539	95	2	191	842	0.9104478	78.4255	8.254237	1	3	1	5	8.87933317478603
782	0	87717.5	6793247.5	597.0828271	34.221207	140.81712	-2.2281437	0.737227321	-0.90481806	0.42579845	81	2	137	816	0.94827586	80.3949	8.777777	3	3	0	4	5.38449506278909
783	0	228142.5	6729197.5	639.4531567	34.91294	155.01472	2.2793305	1.45542419	-0.9150071	-0.40343773	87	1	195	1202	1.3829787	166.9495	12.041543	2	4	1	1	2.94443897916644
784	0	197047.5	6706257.5	559.4460181	45.055634	122.29045	-9.553527	2.371658564	0.9957774	-0.09180017	75	1	168	830	1.1777778	116.411606	12.956433	1	4	1	5	4.17438726989564
785	0	264682.5	6688752.5	552.7582739	34.26666	121.00055	4.620092	1.282474756	-0.86976266	0.49347025	34	1	117	801	1.7619047	124.28841	22.548084	1	4	1	5	6.98471632011827
786	0	271337.5	6885497.5	738.2971191	38.196087	122.70885	0.085890055	0.799972117	-0.5797597	-0.8147875	68	2	130	305	1.2826087	97.135	9.987695	3	4	0	1	5.29330482472449
787	0	148662.5	6861757.5	648.2427344	37.798504	152.91212	-0.26531234	1.347207189	0.44716212	-0.8944529	87	3	136	1192	1.2903225	65.7363	10.751837	1	2	0	5	4.99043258677874
788	0	283062.5	6723352.5	674.6224365	35.2987	131.59486	9.143389	-5.377636909	-0.5320832	-0.8466921	90	1	141	1433	1.5208334	149.72119	14.267102	1	4	0	5	2.63905732961526
789	0	177222.5	6727122.5	587.2638965	35.389027	142.7816	-1.9260463	-5.848331451	-0.38179025	0.924249	70	2	175	699	1.6363636	112.426605	10.035926	1	4	1	5	8.859647499715
790	0	281297.5	6727177.5	547.4393213	32.756405	137.98666	5.4760275	-4.898230076	0.66422915	0.747529	70	1	98	1370	1.3888888	144.2263	15.743876	2	2	1	1	5.50938833662798
791	0	267827.5	6837457.5	722.165835	37.892384	110.833015	0.01002236	-0.473581165	0.40414828	-0.9146935	93	2	149	1211	1.6578947	100.341995	20.529331	3	4	0	2	4.91265488573605
792	0	181617.5	6714752.5	641.3537842	35.290775	126.58459	-5.1331754	-2.073087215	0.7658718	0.6429933	87	1	164	774	1.2051282	113.483505	11.323307	2	4	0	1	3.66356164612965
793	0	175382.5	6740847.5	614.9825513	37.744736	155.21799	-0.9056128	1.424465299	-0.63977563	-0.7685617	100	1	224	1320	1.5862069	112.9164	10.200431	2	5	1	1	4.77912349311153
794	0	105117.5	6806547.5	637.8137524	39.277203	152.93854	2.0253122	0.871591389	-0.2135016	0.9769427	100	2	130	836	1.097561	113.496895	8.163528	1	4	0	5	4.49980967033027
795	0	153497.5	6759547.5	676.8897974	31.323713	130.0704	0.6988297	-0.133387059	0.80752873	0.58982825	98	2	148	1179	1.4615384	134.54091	9.374128	3	4	0	4	2.56494935746154
796	0	272857.5	6882827.5	771.6380762	32.605877	126.96383	-1.427602	1.805464387	0.32487947	0.9457554	15	3	51	327	1.3636364	114.6149	9.354322	2	4	1	1	5.57972982598622
797	0	132412.5	6884972.5	781.2642065	34.38694	128.21855	-0.20840779	-0.663622618	-0.14877702	-0.98887074	20	2	87	592	1.0769231	50.246098	10.132966	2	4	1	1	7.00669522683704
798	0	127222.5	6741027.5	779.9287695	33.200863	120.35192	0.48257047	0.614963055	-0.5869386	-0.8096314	7	3	29	374	1.22	108.4239	13.14186	3	4	1	4	5.78074351579233
799	0	161327.5	6752002.5	747.4708618	35.98292	144.60086	0.43379456	-0.077875368	0.5701089	0.82156914	70	1	194	519	1.4857143	123.5665	8.544281	3	4	1	1	5.73009978297357
800	0	204762.5	6874002.5	825.783728	29.230867	163.26508	-1.3554636	1.167134047	0.7578787	0.6523954	81	1	170	1077	1.6666666	89.3681	8.3042755	2	4	0	1	5.52146091786225
801	0	95812.5	6791587.5	769.6457202	30.363464	150.74161	-3.70987	2.19701457	0.67277855	0.7398439	93	3	76	2129	1.048387	79.7967	9.014482	1	3	0	5	5.48479693349065
802	0	140632.5	6881322.5	689.4794629	30.920078	159.91681	-2.5025935	0.36423257	0.20046178	0.9797015	100	3	135	1656	1.2258065	73.0701	9.638286	2	4	1	1	4.44265125649032
803	0	202982.5	6740252.5	802.7380347	27.629572	164.64241	-1.4261172	1.398882866	0.9723322	0.23360248	53	1	163	969	1.326087	166.3902	11.525919	3	4	0	1	3.73766961828337
804	0	212972.5	6719817.5	825.5251343	32.172325	148.88737	1.7745138	-1.201501727	0.95077044	0.30989605	62	3	117	1247	1.2985075	175.38121	16.444944	2	4	0	1	4.92725368515721
805	0	206792.5	6745842.5	714.5313574	25.405682	165.14473	3.77554	0.370618254	-0.31089908	-0.9504429	87	1	148	1155	1.375	159.3334	12.284085	2	4	1	1	8.1341742721379
806	0	194577.5	6770172.5	567.846748	34.153755	146.37984	0.31703183	-3.628241539	-0.68930125	-0.72447485	89	2	190	841	1.4324324	127.547104	19.195211	2	4	1	1	4.69134788222914
807	0	203457.5	6879867.5	667.0313428	27.328768	166.73788	-1.741242	3.812117338	0.9827121	-0.18514028	93	1	169	1522	1.7222222	93.6942	8.051736	3	4	1	1	2.56494935746154
808	0	208017.5	6752592.5	677.1161377	26.721188	162.74683	0.6934741	0.661608875	-0.34355414	0.93913287	84	1	135	814	1.4054054	144.81729	9.947624	2	4	1	1	2.07944154167984
809	0	208342.5	6867452.5	620.9103662	37.72744	156.7894	0.25469312	1.012437224	0.37083974	0.9286969	96	1	132	1855	1.6818181	96.9711	9.698706	1	2	0	5	4.4188406077966
810	0	218702.5	6732987.5	638.5561572	23.681639	153.5398	-6.1808205	5.025859356	-0.6387352	-0.7694267	40	2	117	466	1.244898	150.4588	11.674861	2	4	0	1	1.79175946922805
811	0	133387.5	6733092.5	674.8553833	27.044228	155.97806	1.3077775	1.16045332	0.34971404	-0.9368565	0	2	0	0	1.195122	125.0597	12.107419	3	3	0	1	2.70805020110221
812	0	142457.5	6880847.5	636.0059717	29.709589	170.76819	-1.8379514	1.863396287	0.7147736	0.6993559	92	2	136	1167	1.2368422	74.2981	9.712628	2	4	0	1	2.89037175789616
813	0	182962.5	6728817.5	843.1971143	44.382904	141.59691	-9.223315	10.07981014	-0.6913684	-0.7225024	43	1	108	280	1.4102564	115.355896	9.995002	2	5	0	1	2.19722457733622
814	0	277932.5	6870557.5	756.9024731	30.79313	138.83342	1.4084808	-0.133042663	0.7776622	-0.6286824	51	2	210	415	1.3673469	127.6737	15.147203	2	4	0	1	3.89182029811063
815	0	113532.5	6792867.5	769.168125	38.64153	163.86783	1.8942444	0.895738602	0.08553926	-0.9963348	42	3	55	568	1.0571429	99.3257	5.8236847	1	4	0	5	4.83628190695148
816	0	275747.5	6721562.5	744.6771436	22.138943	148.76071	1.0398487	0.647739351	0.95927685	0.28246748	90	1	164	1469	1.7254902	144.8829	12.870289	1	4	0	5	3.80666248977032
817	0	91482.5	6795107.5	752.5124072	26.153042	144.11224	0.40507907	1.368721604	-0.96399504	0.2659202	79	3	102	1502	0.9649123	66.017	10.605728	3	3	0	4	7.49052940206071
818	0	217782.5	6760142.5	783.0295825	24.080706	147.76741	-0.04677591	-1.17624855	-0.998174	0.06040376	75	1	134	766	1.3111111	143.3394	15.560488	2	4	1	1	2.39789527279837
819	0	220137.5	6750702.5	738.6131299	25.734674	150.04347	-4.3719707	-0.11995896	-0.82072115	-0.571329	68	1	145	1200	1.3023256	153.2327	9.935284	2	4	1	1	3.13549421592915
820	0	213897.5	6730772.5	770.7540015	23.177002	151.25568	1.9663063	0.059441075	0.8925186	-0.4510106	84	1	205	872	1.25	152.7969	12.914209	2	4	1	1	3.09104245335832
821	0	214927.5	6762387.5	794.1133838	32.26549	150.20229	1.2106068	-1.189109921	0.4672064	-0.8841483	60	1	159	1072	1.3255814	145.497	16.265095	2	4	1	1	2.89037175789616
822	0	200642.5	6764117.5	668.3017017	27.647327	158.96545	1.170215	-1.381366968	-0.9554557	-0.2951345	96	1	212	1166	1.375	149.6159	16.81173	3	4	1	1	6.4085287910595
823	0	225912.5	6699082.5	659.952002	35.5453	146.75458	-6.2513604	0.327292025	0.84660244	-0.5322258	76	1	204	821	1.5714285	151.2394	11.037487	2	4	1	1	2.484906649788
824	0	200007.5	6756192.5	540.1238721	28.501823	166.87386	-2.5416925	1.443483233	0.42671928	-0.90438414	98	3	125	2125	1.3157895	152.4639	9.502704	3	2	0	1	8.28223006329669
825	0	204052.5	6875587.5	647.619248	26.899645	162.54694	-0.28662178	-1.012354255	0.8123224	0.5832087	98	1	194	1712	1.65	89.6206	7.8176365	3	4	1	1	5.7037824746562
826	0	169332.5	6742482.5	658.2369336	27.9407	152.64905	2.719079	-4.186253071	-0.3520698	0.93597376	89	1	165	1193	1.4473684	117.8296	9.4363365	2	4	1	1	4.89783979995091
827	0	172472.5	6741887.5	775.0926172	21.726418	153.7966	-2.2914066	1.059511304	0.8514464	0.52444166	85	1	173	707	1.3902439	116.5857	10.278476	2	4	0	1	3.95124371858143
828	0	163622.5	6794347.5	687.8193286	20.005127	153.0322	-1.5045608	0.590429425	0.8677211	-0.4970514	51	1	113	745	1.5121951	116.5896	13.760125	2	4	1	1	4.62497281328427
829	0	230457.5	6726257.5	676.170415	24.054304	156.11028	-0.6110209	1.411576748	-0.9544778	-0.298282	43	2	115	375	1.4042553	169.8886	12.0729685	2	4	1	1	2.94443897916644
830	0	214222.5	6846892.5	516.8017798	30.687237	167.72491	1.681342	-1.486187339	0.001481718	0.9999989	95	2	123	1293	1.3529412	131.638	10.537846	2	4	1	1	4.35670882668959
831	0	156677.5	6796892.5	623.8370825	41.902752	161.74269	-5.477924	1.732290745	0.078156225	-0.99694115	100	3	131	2217	1.4324324	137.5289	11.520849	3	5	0	4	9.30801139914963
832	0	219092.5	6741332.5	566.1599756	29.266792	150.82625	-7.4967217	-3.707424641	-0.26925933	-0.9630677	73	2	155	658	1.2820513	154.8291	8.239192	2	4	1	1	5.17048399503815
833	0	191987.5	6900372.5	664.0211426	33.53116	158.70891	1.2393144	-1.170128942	-0.135468	-0.9907817	93	3	104	1665	1.68	96.2396	7.586568	1	4	0	5	5.70044357339069
834	0	223497.5	6750322.5	654.5072168	36.023552	146.06021	-0.27230805	-1.300931096	-0.040212125	-0.99919116	96	2	203	1109	1.2954545	157.4436	12.566809	2	2	1	1	2.56494935746154
835	0	137702.5	6735242.5	548.9391797	33.974316	161.88162	0.6787014	-1.732753634	-0.56148523	-0.8274868	100	2	213	1192	1.1944444	128.325	12.861101	1	4	0	5	4.98360662170834
836	0	206492.5	6836097.5	656.2134326	36.516815	162.46097	3.3520155	-3.127994299	0.99024904	-0.13930823	92	1	130	1841	1.2424242	130.1451	11.660486	3	2	1	1	4.72738781871234
837	0	255717.5	6747842.5	511.8512427	34.542088	145.03851	-9.341018	3.189695597	0.52360517	-0.8519611	10	3	59	593	1.2954545	163.1393	14.782863	3	4	1	1	4.7361984483945
838	0	203422.5	6864637.5	691.2106274	35.985638	177.8181	-0.6432378	0.601557136	-0.9112976	-0.41174832	100	2	163	1360	1.6206896	108.601	11.800081	1	2	1	5	4.96284463025991
839	0	217837.5	6839182.5	698.9026563	31.92736	146.53616	-3.037769	0.870668471	0.97496116	-0.22237532	92	1	198	1154	1.3409091	112.5681	11.804349	3	2	1	1	4.17438726989564
840	0	145297.5	6800977.5	645.6143604	28.480839	164.73878	-2.164946	0.127456188	-0.98015517	0.19823171	26	3	77	1187	1.4358975	132.5165	9.891644	2	2	0	1	3.04452243772342
841	0	206457.5	6866742.5	754.0008398	37.954098	164.52046	-1.986361	2.393912315	-0.6411981	-0.76737535	96	2	149	937	1.5925926	96.284996	10.372998	1	3	1	5	5.52146091786225
842	0	151647.5	6797857.5	588.200061	26.022346	165.52103	0.98607355	-0.027197918	-0.9680993	-0.25056696	98	2	134	1124	1.4545455	134.3757	12.240786	3	2	0	1	2.39789527279837
843	0	204182.5	6833807.5	599.9604517	32.48265	155.03453	2.3068783	1.444671273	0.9996718	-0.025616389	67	3	150	1088	1.3055556	125.7684	13.248185	3	2	0	2	4.30406509320417
844	0	231362.5	6701712.5	595.0754272	30.76306	148.52727	7.699268	-1.805585623	0.03704543	0.9993136	90	1	205	932	1.6279069	150.5613	12.679235	2	4	0	1	3.43398720448515
845	0	208277.5	6836557.5	599.2750195	25.505135	162.42769	3.1941977	-8.932570457	0.78454274	-0.62007475	51	1	127	731	1.1538461	127.3666	11.86192	3	2	1	2	8.15190987294091
847	0	220257.5	6760612.5	531.7965454	29.312777	142.73468	2.004292	-3.547846556	-0.5150063	-0.8571864	100	1	178	1655	1.3076923	142.4679	17.831192	2	5	1	1	6.26339826259162
848	0	184937.5	6883127.5	768.9188794	36.87537	172.18018	-1.3434347	1.447532058	0.9655616	0.26017433	100	3	106	1811	1.6829268	121.3369	9.970549	3	2	0	1	4.29045944114839
849	0	198807.5	6765967.5	714.507041	32.723755	156.39124	-0.55094355	5.805970669	-0.011684478	-0.99993175	79	1	230	771	1.3636364	139.6993	19.01562	2	4	1	1	2.30258509299405
850	0	213252.5	6853122.5	744.8639063	28.184622	176.27742	-0.9560232	0.351261944	-0.99949753	-0.0316972	100	2	169	1141	1.5	128.4466	10.6569195	1	4	1	5	2.94443897916644
851	0	163182.5	6796372.5	543.8573145	27.452381	149.34824	0.5896505	0.571681738	-0.9024397	-0.43081608	93	2	129	891	1.5142857	117.9818	12.854624	2	4	1	1	5.79909265446053
852	0	189647.5	6901997.5	945.96125	41.302174	164.35161	2.3175402	-0.940858185	0.8086408	0.58830273	53	3	68	898	1.6363636	100.1695	7.127626	2	4	1	1	3.95124371858143
853	0	160642.5	6796017.5	540.2760132	24.877426	155.5337	-5.088008	8.284237862	0.97597635	0.21787639	100	3	107	2206	1.4848485	128.0291	13.3690195	1	4	1	5	3.2188758248682
854	0	91542.5	6795897.5	501.8036377	36.508354	144.11224	-1.2620779	-2.347366095	-0.9270074	0.37504312	98	3	101	1450	0.9649123	66.017	10.605728	2	3	0	1	6.70318811324086
855	0	155947.5	6796552.5	569.1980786	33.43285	162.9201	2.5773027	-1.565128922	0.21590735	-0.97641385	0	3	44	471	1.55	139.1549	11.520849	3	2	0	4	6.37331978957701
856	0	202557.5	6880882.5	924.3365991	47.314857	172.76436	-4.9094706	0.486066312	-0.6248069	-0.78077936	34	2	66	296	1.64	97.2732	8.322902	1	4	0	5	6.21460809842219
857	0	199467.5	6864162.5	812.4894214	39.793438	191.97237	-0.58156425	5.392586231	0.21725056	0.9761159	73	3	93	933	1.7142857	109.629395	10.974716	2	4	1	1	6.89568269774787
858	0	94687.5	6798817.5	606.6918823	35.463264	145.29755	0.2189146	0.138016164	-0.82987976	-0.5579423	76	2	139	575	1.25	72.421196	8.477027	1	4	0	5	4.969813299576
859	0	208557.5	6852207.5	542.2249146	32.86112	190.81718	1.6419058	-1.991785526	-0.94716656	-0.32074204	100	2	173	1197	1.45	155.7825	11.474576	1	4	0	5	6.93537044601511
860	0	95467.5	6787972.5	517.0328906	37.501053	149.3931	-0.060160413	-1.375189662	-0.9984735	0.055232547	84	3	78	1287	0.97959185	100.3348	9.017859	3	3	0	4	4.20469261939097
861	0	211517.5	6760437.5	364.7539124	47.091434	156.0127	-23.343346	4.401518345	-0.4670493	-0.88423127	0	2	0	0	1.3793104	144.8831	12.509161	2	4	0	1	2.89037175789616
862	0	212397.5	6756587.5	666.9827881	40.83205	157.71802	1.7551448	-2.63956213	0.8121778	0.5834101	90	1	166	1052	1.3095238	151.5385	10.188044	3	4	1	1	8.77338459677665
863	0	205482.5	6753587.5	502.5204346	30.653187	163.82082	1.7665551	-0.940485895	-0.9102296	0.4141039	79	1	189	980	1.3939394	145.7149	9.491182	2	4	1	1	3.93182563272433
864	0	218497.5	6852422.5	730.6224658	38.877728	153.24466	-3.439072	2.148711205	-0.5353869	-0.84460694	40	1	181	452	1.5	115.3026	12.6561985	2	2	1	1	2.39789527279837
865	0	166987.5	6796482.5	705.8747705	36.912155	142.49779	0.05264783	2.542511225	-0.6008612	-0.79935336	60	2	122	1024	1.5897436	108.1315	14.537493	2	5	1	1	4.95582705760126
866	0	155517.5	6739432.5	594.1824121	25.752602	163.67435	4.098567	-4.627858639	-0.3579224	0.93375134	100	1	163	1836	1.3793104	126.4685	9.890486	2	4	1	1	9.16910162395959
867	0	198622.5	6765737.5	584.6353101	29.202112	156.39124	-1.1907389	-0.135553405	-0.4307017	-0.9024944	96	1	213	869	1.3636364	139.6993	19.01562	3	4	1	1	4.48863636973214
868	0	97757.5	6797722.5	335.297002	40.644596	150.39752	-0.49425927	0.064485855	-0.7210865	-0.69284505	0	3	31	444	1.2	81.7503	9.558058	3	3	0	4	4.17438726989564
869	0	154302.5	6741512.5	520.8168896	29.582771	160.17162	2.7279725	-2.551226616	0.8930316	-0.44999403	90	2	225	803	1.4	122.2997	9.764259	2	4	0	1	4.39444915467244
870	0	227267.5	6732497.5	527.2034424	27.031757	153.63408	5.0423727	-0.706894755	-0.9583082	0.2857365	65	2	143	542	1.3421053	163.0544	10.415209	3	4	1	1	3.04452243772342
871	0	218532.5	6847182.5	536.133418	26.203022	149.92506	1.0043141	1.168630481	-0.23699212	0.97151154	100	1	157	1454	1.2307693	109.2063	10.899333	2	2	1	5	4.53259949315326
872	0	208627.5	6763517.5	492.1132031	24.492723	156.264	1.7864507	1.619331598	0.997797	0.066341355	37	1	102	817	1.382353	144.9595	14.61851	2	4	1	1	6.96790920180188
873	0	171197.5	6743427.5	513.5040527	21.583	151.70073	-0.6047748	-0.2091351	-0.5722521	0.8200778	93	1	168	1332	1.53125	115.312996	9.610877	3	4	1	1	4.0943445622221
874	0	138537.5	6734297.5	463.8711108	19.434982	165.63544	-5.8411407	3.639064074	0.35857025	-0.93350273	54	3	90	1130	1.1875	130.1648	13.248278	3	4	0	1	2.77258872223978
875	0	226607.5	6707132.5	417.4993811	26.281784	154.56557	0.3813388	-0.026039114	0.6192072	-0.78522766	57	1	207	401	1.45	164.7498	13.686645	2	4	1	1	6.66185474054531
876	0	206337.5	6862542.5	534.9652026	24.430418	175.69733	0.15064418	-0.856162429	-0.49601734	0.8683126	100	1	239	1299	1.7142857	114.7714	15.160361	2	3	1	1	5.68017260901707
877	0	205922.5	6749957.5	498.7886743	24.906843	165.24945	2.96649	-1.211166143	0.52186036	0.8530309	60	3	82	1265	1.3888888	150.6925	9.507172	2	4	1	1	3.71357206670431
878	0	214447.5	6741252.5	504.4928625	23.333946	154.30556	1.3692333	0.659589648	0.9041655	0.42718232	76	1	164	1120	1.2285714	150.1662	9.599626	2	4	0	1	5.98141421125448
879	0	175327.5	6728997.5	453.906593	28.365189	146.42473	-0.3414607	1.537284374	0.9998157	-0.019198235	100	1	230	1038	1.8	110.4181	9.708464	3	5	1	1	3.43398720448515
880	0	247872.5	6728472.5	433.7263708	25.361382	152.32849	-1.9283273	0.776155114	-0.98891866	-0.14845839	95	1	162	1672	1.3235294	155.1103	14.648612	2	4	1	1	2.39789527279837
881	0	209707.5	6759392.5	607.7894458	28.16864	158.8696	-5.7032905	1.914814949	-0.22945723	0.97331876	59	1	107	1131	1.3714286	150.4592	11.646289	2	2	1	1	6.81454289725996
882	0	112217.5	6790357.5	541.1980347	29.5249	162.41263	-2.9558742	1.585190296	0.6849704	-0.72857094	100	3	120	1617	1.0588236	107.3581	6.8410816	1	4	0	5	9.85497984847108
883	0	166547.5	6793577.5	459.0280042	33.37698	148.34277	-6.6225777	0.087134108	0.70303047	0.71115977	97	1	207	1318	1.5151515	109.002	15.092586	3	4	1	1	5.58724865840025
884	0	157687.5	6742837.5	578.7438037	29.692501	158.54976	2.9367023	-2.312545776	0.09030602	-0.99591404	87	2	172	305	1.3928572	121.6581	8.999378	1	4	0	5	4.38202663467388
885	0	231427.5	6702307.5	576.0898804	25.343737	149.85013	-0.9429212	0.907479167	0.52350056	-0.85202533	0	1	0	0	1.6097561	153.8734	13.115431	2	4	0	1	2.83321334405622
886	0	164552.5	6750392.5	611.7828125	22.212835	146.05905	3.9951148	-1.581379414	0.5578485	0.82994276	96	1	196	1654	1.4722222	119.5568	7.975605	3	4	1	1	3.8286413964891
887	0	118107.5	6790752.5	655.5186377	27.700588	158.4754	0.079546034	0.520131946	0.29081053	0.9567807	71	3	63	1088	1.0877193	117.43919	6.652338	3	4	0	4	3.97029191355212
888	0	206927.5	6873802.5	568.3484619	23.162443	153.08292	-0.30804893	-0.190949321	-0.9357174	0.35275048	96	1	191	1458	2	83.5006	7.98465	3	4	0	1	6.32793678372919
889	0	215637.5	6709377.5	478.5773425	28.379948	148.49152	-1.0984722	-15.30112839	0.6531626	-0.7572177	100	1	230	1036	1.3414634	157.3369	10.673304	3	4	0	1	4.45434729625351
890	0	208737.5	6764377.5	455.1551025	24.684204	154.84717	-2.7690837	1.676492572	0.94278246	0.33340842	89	1	178	1895	1.3939394	145.0394	15.506268	3	5	0	1	3.61091791264422
891	0	104452.5	6783867.5	513.0673218	33.618404	150.29805	0.36710933	0.526425719	0.88142633	-0.47232154	84	3	94	1540	1	94.048004	8.929513	3	4	0	4	4.30406509320417
892	0	274697.5	6718162.5	522.38271	24.32066	145.7034	8.484638	-5.057608128	-0.7068961	0.70731735	37	2	79	758	1.6829268	143.31491	12.332381	2	4	0	1	10.1650437983368
893	0	207107.5	6870347.5	477.6238855	29.830997	153.42012	-1.1134231	1.244433284	-0.7588608	-0.65125287	73	2	108	608	1.6	86.4661	8.793667	2	4	1	4	8.61758136544751
894	0	231867.5	6694857.5	324.1049426	25.352737	135.37231	-0.21936339	-0.548020601	0.9954979	0.09478405	0	1	0	0	1.5	123.8011	10.082868	2	2	1	1	3.43398720448515
896	0	216527.5	6837802.5	337.2204663	25.258392	148.23514	3.3342783	1.747764826	0.22355725	0.9746908	93	1	175	1454	1.16	117.3238	11.626606	2	5	0	1	6.51025834052315
897	0	284102.5	6727302.5	487.3332935	33.50988	129.42879	0.09819783	0.618114829	-0.81635463	0.57755095	79	2	202	595	1.4210526	131.7844	13.211521	2	2	1	1	3.68887945411394
898	0	167082.5	6697287.5	499.301571	38.9281	102.28787	-4.3945837	0.279010206	0.96847934	-0.24909389	93	1	150	1462	1.3333334	88.3227	6.9279013	2	3	1	1	4.31748811353631
899	0	76447.5	6804242.5	239.9817523	37.716446	111.44615	-0.7028151	1.355119467	0.32173404	-0.9468301	96	2	169	573	1	55.0663	6.534667	1	4	1	5	5.19295685089021
901	0	274662.5	6660312.5	191.2997253	19.261368	98.37068	-3.2320547	-0.682940841	0.87782997	-0.4789724	100	1	201	1542	1.1891892	97.3594	12.31455	3	4	1	2	2.484906649788
903	0	294452.5	6886492.5	442.2356995	23.142649	86.581795	0.22354452	2.755946875	-0.9982063	0.059867337	100	1	165	1143	1.1851852	75.2368	8.102164	3	4	0	2	3.97029191355212
904	0	195007.5	6662552.5	380.6996997	23.27126	97.62157	-3.7277927	3.938857794	-0.8608225	0.50890535	4	1	63	401	1.6046512	93.9203	13.232247	2	3	1	1	5.35658627467201
905	0	129582.5	6883702.5	583.9238599	27.485884	113.080795	-2.8003414	1.25710988	-0.8498807	0.52697515	6	2	62	394	1	48.4827	10.007204	3	4	0	1	8.57602797713713
906	0	242322.5	6669242.5	433.5166626	34.7279	110.00021	16.778969	3.047553778	-0.999122	-0.04189551	67	2	181	642	1.6216216	96.2828	11.044208	2	4	0	1	3.3322045101752
907	0	81037.5	6872907.5	480.8690308	40.397106	88.27428	1.3855461	-0.815508604	-0.9886167	-0.15045607	71	3	108	691	0.89261746	93.428505	10.192497	1	4	0	5	5.4553211153577
908	0	241532.5	6669462.5	401.0171863	41.58844	111.41568	3.9203997	-4.91898489	-0.6538272	0.75664395	98	1	161	1395	1.6111112	95.4635	11.044208	3	3	1	4	2.30258509299405
909	0	160497.5	6696417.5	514.3030957	33.168182	105.73849	0.66028035	6.280646801	0.19350089	-0.9811001	57	2	130	478	1.3170732	86.719	7.016163	3	3	0	1	3.58351893845611
910	0	89847.5	6806482.5	510.9443372	38.52154	126.10847	-5.733407	-0.981746852	0.60736215	-0.79442513	18	2	91	609	0.962963	72.3271	7.1854086	3	4	0	4	4.26267987704132
911	0	129992.5	6885017.5	721.6404956	28.278524	116.43834	-0.21441182	-4.147956848	0.46112427	-0.8873356	96	2	184	1438	1.1777778	45.5118	10.415682	2	4	0	1	8.99143781491923
912	0	233882.5	6799627.5	564.4443604	40.241158	107.176476	3.1324234	-0.21545738	0.5908799	0.8067595	100	1	175	1653	1.3658537	129.3514	15.489322	1	2	0	5	5.47227067367148
913	0	196767.5	6686452.5	739.3052344	42.878433	103.74695	19.051146	-5.936491013	0.99872714	0.05043924	95	1	157	1221	1.3636364	126.1103	10.488102	2	5	0	1	2.07944154167984
914	0	285247.5	6719172.5	643.1188721	30.987677	122.16326	-1.2491772	-1.691228032	0.9881276	-0.15363547	85	1	178	1025	1.7083334	136.4946	16.905924	1	4	1	5	5.52545293913178
915	0	75207.5	6810102.5	301.5889478	32.00229	95.60797	6.5838847	-2.8025949	-0.52566177	0.85069364	98	2	182	902	1	64.1885	6.278702	1	4	0	5	4.06044301054642
916	0	135592.5	6942197.5	158.9092151	29.79865	106.336494	-2.459959	-0.281846136	0.13945341	-0.99022865	92	3	121	1699	1.1276596	64.6932	7.064783	3	4	0	4	6.0137151560428
917	0	234007.5	6705057.5	321.5666235	43.88305	151.9286	-8.71286	0.14706631	-0.95449203	-0.2982365	78	2	143	799	1.6451613	144.94101	13.278607	2	4	0	1	3.04452243772342
918	0	193927.5	6714627.5	344.8676355	36.70875	129.66049	1.0687944	-3.015351057	-0.60460746	-0.7965236	98	1	271	837	1.3125	95.2041	11.979455	1	4	1	5	6.10924758276437
920	0	119027.5	6817112.5	793.7990039	34.962746	135.21129	-5.0210843	3.105741739	0.6696058	0.74271667	40	3	73	1027	1.2051282	97.583	8.90106	3	4	1	4	4.77912349311153
921	0	249942.5	6725477.5	437.6687671	25.081411	150.25696	1.2105775	-0.490989923	-0.98527753	-0.17096235	98	1	125	1641	1.5675676	154.8259	14.174267	2	4	1	1	8.10892415597534
922	0	243357.5	6734157.5	425.4463806	34.431046	153.53201	3.1606703	-0.545794606	0.99217606	-0.12484652	57	1	154	746	1.2777778	152.7547	12.98824	2	4	1	1	3.29583686600433
923	0	198592.5	6865322.5	661.3419141	26.6065	195.74684	-2.5473752	1.911589622	0.68014944	0.7330735	87	1	155	1659	1.6956521	108.0685	10.437804	2	4	1	1	3.36729582998647
924	0	205992.5	6853097.5	458.0778552	31.489655	195.59988	0.40721735	1.378418565	0.99103403	-0.13360973	100	3	130	2204	1.4285715	163.5086	12.472503	3	4	0	1	3.55534806148941
925	0	142327.5	6881082.5	558.4975073	30.408278	170.82771	-0.35936883	-1.371351242	0.74891794	0.6626628	96	1	174	1367	1.08	73.0187	9.712628	2	4	0	1	2.89037175789616
926	0	183057.5	6871907.5	416.3631506	28.240877	209.23753	-2.7404194	-0.592055202	-0.15217774	0.98835313	100	1	190	1902	1.7142857	119.0574	9.177828	3	4	0	2	3.87120101090789
927	0	198292.5	6865957.5	730.3240381	40.374126	195.74684	-1.2580035	0.428422272	0.49814966	0.86709106	100	3	104	1954	1.6956521	108.0685	10.238039	2	2	0	1	3.58351893845611
928	0	208547.5	6852287.5	571.7188403	27.309057	190.81718	1.3848362	-0.156101257	-0.99079925	0.1353399	85	2	127	896	1.45	155.7825	11.474576	1	2	0	5	4.8283137373023
929	0	201272.5	6854037.5	665.8676221	31.844332	198.09964	6.392078	-0.048010077	0.59900516	-0.8007452	84	3	79	1476	1.6451613	162.53061	12.741948	3	2	0	1	9.25244154799482
930	0	159727.5	6912897.5	788.7226147	24.109379	198.93071	6.827272	-0.534847438	0.106154464	0.99434966	84	3	110	1073	0.97402596	111.2618	8.941972	3	4	1	1	10.7881637706409
931	0	160477.5	6912507.5	700.6217212	29.556904	198.97418	-1.418171	1.686526179	0.9179114	-0.39678535	40	2	99	599	1.137931	108.1172	8.041248	3	4	0	1	9.40450815105382
933	0	210307.5	6851727.5	594.4057227	34.680344	185.77168	-2.8782427	1.828466296	0.62225145	-0.7828174	100	2	162	1323	1.4705882	145.2822	10.394418	1	4	1	5	3.71357206670431
934	0	206432.5	6852317.5	639.4405542	32.518562	194.3814	-8.082609	-1.693624616	0.46747476	0.88400644	68	1	168	867	1.48	167.5873	12.903889	3	4	1	1	6.85224256905188
935	0	222162.5	6728052.5	449.9515161	31.121988	154.42844	-1.1161939	1.628669381	-0.9358491	-0.3524011	90	2	146	973	1.3076923	148.132	13.402563	2	4	1	1	2.56494935746154
936	0	210972.5	6848742.5	475.6257776	27.731861	183.3135	-0.37996146	-0.22379446	0.76783615	0.6406463	100	1	182	1654	1.4333333	153.5451	10.715313	3	4	1	1	6.42486902390539
937	0	224362.5	6753572.5	482.0120374	33.645348	142.68788	-1.160023	0.011427165	0.14658923	0.98919743	100	1	166	1761	1.25	151.0602	17.688393	2	4	1	1	3.93182563272433
938	0	231062.5	6723637.5	475.1239575	25.65794	156.96292	-1.1215744	0.716911852	-0.23964709	-0.97086006	87	2	165	670	1.3529412	157.9447	12.9050455	2	4	0	1	4.56434819146784
939	0	219717.5	6756937.5	432.8343835	28.455267	148.03755	0.3025343	0.581464946	-0.07496503	-0.9971862	98	1	201	1111	1.1923077	145.2261	14.735056	3	4	1	1	4.00733318523247
940	0	207617.5	6863917.5	401.439176	29.226955	170.73714	-5.5251136	5.922996998	-0.120413505	-0.9927238	100	3	132	2226	1.8333334	108.976295	14.152924	3	3	0	1	6.0591231955818
941	0	188772.5	6772792.5	497.1920361	42.453335	138.22144	-0.29795754	0.052179176	0.55172145	0.8340285	100	1	130	2183	1.4411764	116.2043	13.5244255	2	4	1	1	4.0943445622221
942	0	147277.5	6797897.5	568.3043872	29.148191	167.67557	-0.000128247	2.771336555	0.05552213	0.99845743	96	2	191	1367	1.4418604	154.6712	11.909237	2	2	0	1	5.18738580584075
943	0	226107.5	6710412.5	480.8613147	27.442953	155.86629	-0.124536425	-2.947124243	-0.22548787	-0.97424597	50	2	127	474	1.4864864	162.81781	13.738386	1	4	0	5	3.76120011569356
944	0	214217.5	6743587.5	491.5851355	41.34964	155.66959	1.9321707	1.19006145	0.8975759	0.44085994	70	1	138	1033	1.2352941	149.5238	9.924754	2	4	1	1	3.89182029811063
945	0	202752.5	6758522.5	483.9171753	26.870255	165.35747	4.1549616	-1.788700342	-0.9230054	-0.38478705	3	2	54	367	1.5	150.1054	9.9226	2	2	1	1	9.49416501410066
946	0	250812.5	6738647.5	542.3444385	23.12043	153.49615	5.332215	-0.876896381	-0.98119235	-0.19303265	93	1	180	944	1.3	157.1012	11.180762	2	4	0	1	2.94443897916644
947	0	227017.5	6727857.5	360.7014404	33.839764	155.48601	-1.5005517	1.014604568	-0.989954	-0.14138986	67	1	90	1846	1.3414634	160.5434	12.955568	2	4	0	1	5.48479693349065
948	0	231952.5	6704157.5	361.8185461	28.10149	152.10855	2.0051591	-1.826213002	0.8399904	-0.5426013	100	3	202	1594	1.6764706	155.2262	13.608141	3	4	1	1	4.52178857704904
949	0	208407.5	6867652.5	461.0721802	36.754776	156.7894	-1.0864261	2.377509356	0.45605963	0.8899492	100	3	168	1422	1.6818181	96.9711	9.698706	1	4	0	5	2.07944154167984
950	0	205152.5	6871457.5	523.8744824	27.094893	160.8682	1.5188417	1.498910189	0.93136555	0.36408538	100	1	219	1174	2.2222223	87.2106	8.422349	3	4	1	1	5.72031177660741
951	0	256387.5	6727247.5	494.7957703	29.584005	151.43315	-7.923818	3.027724743	0.9937132	-0.11195556	37	3	90	1273	1.5263158	146.5641	12.023262	2	4	1	1	2.19722457733622
952	0	211297.5	6861487.5	623.5667554	30.156548	167.8976	-1.7814162	0.903691173	0.95367444	-0.30084062	95	3	145	1544	1.6666666	111.4319	13.803059	3	2	0	3	3.63758615972639
953	0	208852.5	6759987.5	516.8808667	26.223392	159.819	2.0085037	1.085222363	-0.8441998	0.5360287	85	1	120	1592	1.382353	151.63481	11.559662	2	4	1	1	3.46573590279973
954	0	207547.5	6835837.5	596.633667	28.143507	160.30928	2.0391943	-8.067241669	-0.69607466	-0.7179694	79	1	140	1083	1.2068965	127.2345	11.69588	3	2	1	2	2.89037175789616
955	0	198017.5	6764212.5	326.3263	34.515877	159.01865	1.2185992	-2.142255306	-0.23904291	-0.971009	96	2	204	1099	1.40625	140.3983	17.196064	2	2	0	1	5.5834963087817
956	0	235417.5	6733852.5	406.5317676	26.913782	153.82779	-0.8204061	0.3611027	0.8433641	-0.5373425	0	1	0	0	1.2352941	174.1685	10.081608	3	4	1	1	3.46573590279973
957	0	188937.5	6896182.5	594.4765918	23.876896	176.40353	4.065551	-0.997261465	-0.3946844	0.91881675	100	3	137	2241	1.6818181	104.5894	8.814495	3	2	0	1	7.15617663748062
958	0	143562.5	6734907.5	595.3615112	19.260956	171.17491	0.31235564	1.704259992	-0.48614472	0.8738783	98	1	169	1543	1.2162162	134.918	12.253737	2	4	0	1	3.55534806148941
960	0	155427.5	6739377.5	602.455979	24.250721	163.67435	3.7903254	-1.264811397	-0.023003282	0.9997354	76	1	123	965	1.3793104	126.4685	9.890486	2	4	1	1	2.19722457733622
961	0	144497.5	6801882.5	546.6925708	24.295845	163.5026	0.13767599	-2.490888357	0.8949729	0.44612044	70	3	91	1650	1.3076923	121.2708	9.55378	2	2	0	1	3.09104245335832
962	0	205317.5	6755787.5	451.1974609	23.339409	163.5009	-1.6413344	-1.216075659	-0.9693966	0.2455	100	2	248	1237	1.451613	148.3212	10.705805	3	4	1	1	5.82008293035236
963	0	215057.5	6848672.5	443.4798328	19.525715	165.78204	-5.2577276	3.627316236	-0.29338005	-0.9559959	100	1	187	1580	1.4666667	122.025604	8.558398	2	1	1	5	2.39789527279837
964	0	95062.5	6798232.5	422.3576514	36.948334	146.7751	1.567022	-2.75977993	-0.6270426	-0.77898496	26	1	104	1030	0.9591837	75.6112	8.477027	1	4	1	5	5.79909265446053
965	0	198777.5	6865972.5	415.9281543	28.664074	195.74684	1.6765217	-3.907531023	0.52636105	0.85026115	100	1	229	1469	1.6956521	108.0685	10.238039	2	2	0	1	5.10594547390058
966	0	112967.5	6789497.5	611.4805518	34.09429	161.19972	0.10773045	-2.781107426	-0.9657547	0.25945684	95	2	152	1073	1.03125	108.1716	6.943319	2	4	0	1	3.40119738166216
967	0	153407.5	6739492.5	498.1681409	20.476954	163.57281	-1.2244993	-0.332858711	-0.18607986	0.98253465	100	2	184	1088	1.3214285	126.918594	10.104836	2	4	1	1	3.2188758248682
968	0	192212.5	6857162.5	569.5380859	33.32628	199.89723	0.2749336	0.127111346	0.9955532	0.09420112	50	3	66	1666	1.6666666	141.5654	11.619469	3	4	0	2	2.56494935746154
969	0	208312.5	6861087.5	454.4774121	29.34387	174.88477	6.426721	-3.476472378	0.49312702	0.8699573	79	1	163	1079	2.1	117.412704	16.64602	2	3	0	1	5.89989735358249
970	0	184027.5	6873137.5	372.3255811	25.936428	207.76918	-1.6089379	0.810739875	0.47351956	-0.8807833	92	3	171	988	1.6363636	113.8648	8.893079	3	5	0	1	4.54329478227
971	0	232642.5	6716847.5	327.4371826	29.53459	157.51027	1.2474818	-0.003060189	-0.6702804	0.7421079	85	1	173	1086	1.5625	152.3858	15.397889	2	4	1	1	4.54329478227
972	0	108032.5	6790272.5	594.768772	33.18365	162.81087	-1.881044	2.680625916	0.48604652	0.87393296	85	3	149	968	1	99.4733	7.3398256	1	3	0	5	4.0943445622221
973	0	172007.5	6873602.5	589.4863843	20.72701	215.59071	-1.4039791	1.426929116	0.34459472	-0.9387516	82	2	128	990	1.55	115.735504	12.403563	2	4	0	1	6.59714570188665
974	0	211587.5	6848007.5	596.5271558	27.321352	180.56256	-1.316269	-0.11747019	0.36419925	0.931321	78	2	141	491	1.2777778	146.3132	10.339237	3	4	1	1	5.57594910314632
975	0	194757.5	6873967.5	441.9118542	37.61107	209.8965	-6.090354	-5.241462708	-0.7640818	0.64511937	18	2	84	93	1.9285715	126.872696	9.508957	3	4	0	2	4.04305126783455
976	0	196982.5	6862677.5	618.9107031	28.494518	201.27217	-0.11585198	0.285935134	-0.50818133	-0.8612501	96	2	148	1099	1.75	128.4342	9.74765	3	4	0	1	6.50128967054039
977	0	169722.5	6905782.5	590.6042358	20.715681	211.23373	-1.0125542	-1.908315897	0.7882667	0.61533374	59	2	146	477	1.4	93.7447	7.3815584	3	4	1	2	3.55534806148941
978	0	213367.5	6858247.5	502.9918298	27.81278	169.90173	0.06464045	2.715831757	-0.9353118	-0.35382468	100	3	122	1641	1.6666666	120.942894	13.308783	3	2	1	1	3.76120011569356
979	0	180022.5	6871747.5	541.3762964	20.98496	205.11147	-0.6233855	-0.931373775	0.74785966	0.66385686	98	1	195	1980	1.6521739	119.2123	10.021679	3	4	0	1	6.88857245956536
980	0	212922.5	6847507.5	477.0367017	22.205074	176.2503	0.5193269	1.29254961	0.58840835	0.8085639	1	2	40	422	1.3076923	141.79419	9.709434	3	4	1	1	6.56103066589657
981	0	154512.5	6867587.5	482.4761536	31.504244	195.6357	18.391321	-1.438947082	-0.44306758	0.8964882	70	2	141	874	1.2692307	80.9101	10.542642	3	2	0	2	4.64439089914137
982	0	154477.5	6868497.5	533.9885693	27.221884	199.15042	-6.250811	5.138935089	0.9092737	0.4161987	98	3	134	1689	1.3333334	81.4901	10.886273	1	2	0	5	4.81218435537242
983	0	208802.5	6850732.5	460.7902161	27.490961	190.14069	1.012374	1.769356489	-0.176117	0.9843692	100	2	134	1047	1.4615384	166.41121	11.810533	3	4	0	1	2.39789527279837
984	0	172632.5	6875872.5	472.5011145	32.31659	215.69131	1.0813055	0.434630722	0.3872373	-0.9219801	100	2	156	1989	1.5294118	115.8578	11.954826	3	4	0	1	8.97689392766608
985	0	200627.5	6864542.5	467.4095508	21.984901	188.23552	-1.8354901	0.800379038	0.16241452	0.98672265	98	1	179	1372	1.8	109.6203	10.693654	3	4	0	1	3.25809653802148
986	0	171852.5	6874562.5	575.9745654	24.262884	218.05977	-1.9896829	0.191332683	0.08090064	0.99672216	100	2	157	2099	1.4375	113.5733	12.092637	2	4	1	1	4.68213122712422
987	0	194647.5	6872337.5	494.3553308	30.113958	211.51118	-0.23921095	1.125427723	0.023804475	-0.99971664	100	2	149	1811	1.7222222	128.253	10.208238	2	3	1	1	2.77258872223978
988	0	155297.5	6868127.5	601.3756982	38.765293	200.9944	0.13898467	0.954668283	-0.9962114	0.08696478	98	3	148	2016	1.4210526	83.3654	10.401367	1	2	0	5	5.96870755998537
989	0	150487.5	6877277.5	707.8165381	33.5354	212.3905	-1.4864906	0.434593379	0.12223866	0.9925007	98	2	126	1321	1.2941177	85.332	9.912379	2	4	1	1	8.30622521603216
990	0	193737.5	6875207.5	726.4365625	38.13611	208.26314	0.34582758	-0.945168495	-0.2303877	-0.97309893	92	2	135	792	1.6666666	124.336	9.789997	2	4	1	1	5.97380961186926
991	0	198447.5	6871087.5	674.5092969	23.963957	196.29172	-1.5085182	1.052800179	0.6739906	0.7387399	100	1	197	1410	1.6666666	114.1605	9.520934	2	3	1	1	5.34233425196481
992	0	180397.5	6873552.5	429.1801111	37.67571	202.37651	-1.435651	-0.505392075	-0.25683525	-0.9664552	64	3	73	759	2.2	113.3759	10.1386595	2	4	0	1	6.57228254269401
993	0	199702.5	6864192.5	714.6602808	44.32487	191.97237	-12.832447	3.200531483	0.09554607	0.995425	100	3	136	1657	1.7142857	109.629395	10.974716	2	4	1	1	5.75257263882563
994	0	183197.5	6871862.5	456.069679	28.465427	209.23753	-1.1364553	1.627265453	-0.19846568	0.98010784	100	1	172	1682	1.7142857	119.0574	9.177828	3	4	0	2	4.77068462446567
997	0	210777.5	6856472.5	745.3918188	37.0426	182.60956	-4.8922105	4.128639221	0.9937126	-0.111961015	96	2	133	1205	1.6785715	131.2001	12.335391	2	2	1	5	7.18690102041163
999	0	180692.5	6871442.5	593.9143994	25.77692	205.11147	1.0692006	2.163106918	0.885508	0.4646241	98	1	218	1014	1.6521739	119.2123	10.021679	3	4	0	1	6.65027904858742
1000	0	196557.5	6888572.5	539.8271802	25.025557	195.3839	-4.140306	5.768424511	-0.5742135	0.8187056	93	2	102	1447	1.6666666	106.4312	8.031538	3	2	0	2	7.94520113241276
1003	0	172587.5	6900167.5	930.7471069	24.357912	224.11258	0.2601341	-0.305119783	0.31209347	0.9500514	65	3	95	367	1.4634147	116.0282	13.47484	3	4	1	1	4.53259949315326
1006	0	165732.5	6876192.5	911.9003369	27.366667	230.23198	0.36455685	0.107037313	0.35949704	-0.93314624	6	2	59	354	1.34	96.6884	10.496923	1	4	0	5	3.2188758248682
1008	0	165662.5	6908882.5	908.7450659	36.05106	205.2252	-5.82892	3.391578197	0.5368917	0.8436512	0	2	47	89	1	98.8626	6.0503297	3	4	0	4	6.20859002609663
1010	0	159767.5	6870737.5	573.2303003	29.966272	215.70752	-0.79548633	-2.277048826	-0.6297996	0.77675766	100	3	126	2172	1.2857143	85.891106	10.595553	2	5	0	1	7.94307271727793
1011	0	187152.5	6871807.5	687.9514551	25.262413	218.55579	2.9317966	-8.640518188	-0.3259237	0.94539607	100	3	139	1568	1.71875	118.3658	8.785622	3	4	1	1	6.47697236288968
1014	0	204617.5	6878837.5	839.3440259	38.44643	160.71341	-0.5033173	-0.739508688	-0.78511477	-0.61935025	87	2	113	809	1.6363636	91.9626	7.7208014	2	4	0	1	4.56434819146784
1016	0	152947.5	6720467.5	957.285708	30.085518	171.30576	-1.5058714	-0.130129173	0.99371135	0.11197194	78	3	90	1298	1.3409091	133.616	9.443018	1	3	1	5	3.25809653802148
1017	0	215772.5	6843887.5	859.9091382	45.625645	159.68536	-1.8845718	-2.242423296	0.5232986	0.85214937	85	1	115	1251	1.3265306	125.987404	12.826981	1	5	1	5	4.38202663467388
1018	0	122857.5	6793877.5	866.78198	34.7478	154.41866	-1.7394274	1.897906542	0.9591527	-0.2828889	73	3	73	955	1.1041666	108.4913	7.366448	3	4	0	4	3.3322045101752
1023	0	210892.5	6856692.5	708.3731738	32.4325	182.60956	-2.609864	3.445565701	0.99156976	0.12957405	37	3	82	606	1.6785715	131.2001	12.335391	2	2	1	5	5.01727983681492
1025	0	103837.5	6783477.5	822.8989282	37.297688	150.01747	-7.140713	6.155634403	0.98225594	0.18754528	79	3	85	1340	1.0806452	92.8107	8.929513	3	4	0	4	5.64544689764324
1027	0	206052.5	6852192.5	812.3063184	28.388508	194.3814	-0.58250695	1.845539927	0.86292714	0.50532836	82	1	223	922	1.48	167.5873	12.903889	2	4	0	1	3.80666248977032
1028	0	192022.5	6845857.5	1038.633081	29.77526	179.77579	1.149496	1.707855344	0.99572307	0.09238825	76	3	83	1476	1.4444444	180.9672	12.151501	1	3	1	5	5.0998664278242
1029	0	203662.5	6857222.5	717.2788745	36.423756	193.54993	0.5246585	0.66045928	-0.76923525	-0.63896567	100	1	169	2018	1.6923077	143.0557	11.476118	2	2	1	1	5.76519110278484
1030	0	205592.5	6861867.5	630.0959546	22.25874	180.51913	-0.15721846	0.841902614	-0.05715241	0.99836546	70	1	214	785	1.6428572	123.1558	14.697931	3	2	1	1	4.7361984483945
1031	0	200612.5	6755132.5	731.8126978	31.7478	166.63126	-1.9004885	0.452060312	0.08673667	0.99623126	82	1	168	1169	1.3783784	153.3004	9.503761	2	5	1	1	4.77068462446567
1032	0	196727.5	6871662.5	542.137644	20.901674	205.36667	-0.8406688	1.481108546	-0.9961728	-0.08740557	73	2	118	832	1.8571428	123.7064	10.786229	3	3	0	1	3.76120011569356
1033	0	197832.5	6883482.5	743.3595605	31.203297	194.42984	0.5898573	1.296507716	0.91557795	0.40214047	100	1	202	1402	1.6097561	100.1928	7.956452	3	1	1	1	5.6021188208797
1034	0	210462.5	6854387.5	834.8963013	32.48949	185.22539	1.5381974	0.336185724	0.90589684	0.42349836	92	2	139	954	1.5	133.9859	10.197321	2	4	0	1	5.07517381523383
1035	0	151152.5	6864737.5	638.2513623	34.423183	177.12561	5.0614543	-5.74853611	0.8912901	-0.4534335	96	3	160	1247	1.28	68.915596	10.85981	3	2	0	1	7.83557924666997
1037	0	199297.5	6864367.5	723.2694287	36.548965	191.97237	-2.855394	4.487906933	0.795848	0.60549647	96	3	149	1234	1.7142857	109.629395	10.974716	2	4	0	1	10.1577033234047
1038	0	110042.5	6809602.5	604.7237354	50.425938	151.28995	16.150202	0.033404585	-0.9829957	0.18362871	100	3	66	1983	1.1355932	128.2303	8.453825	3	4	0	4	4.54329478227
1039	0	213477.5	6850947.5	749.3933569	40.63239	175.49611	7.8319564	-1.517398953	0.932873	0.36020538	98	1	157	1899	1.4333333	130.326	9.6224575	1	4	1	5	2.89037175789616
1040	0	153287.5	6866667.5	578.3156299	39.59629	190.1351	-2.1109118	-0.454339504	0.9131436	-0.4076381	60	3	102	836	1.2916666	76.7631	10.371857	1	2	0	5	4.33073334028633
1041	0	208872.5	6869657.5	590.9509326	44.250957	151.91762	-0.13498679	0.35755229	-0.3991893	-0.9168685	98	2	160	1265	1.9166666	93.292595	9.049362	3	4	0	4	2.99573227355399
1044	0	206632.5	6872677.5	402.1741504	44.128082	154.58513	-4.746679	1.8961339	0.7392791	-0.67339915	60	2	114	248	2	83.8181	8.242544	1	4	0	5	4.17438726989564
1046	0	157917.5	6871607.5	620.2304932	25.304235	214.83276	-2.5487645	1.775854707	0.42293873	-0.90615827	20	3	101	111	1.3235294	85.7543	10.854245	3	4	0	1	7.46049030582534
1047	0	201847.5	6863412.5	595.5979199	25.062458	185.98253	-2.1421218	2.491286278	0.53396565	0.8455062	95	2	199	1104	1.6956521	114.9073	11.6642	3	4	1	1	3.76120011569356
1049	0	179307.5	6871272.5	666.2198999	22.674208	204.93048	2.0371025	-2.63023138	-0.23785785	0.97129995	100	1	168	2196	1.6	119.100204	10.664303	3	4	0	1	6.2709884318583
1053	0	147117.5	6713267.5	950.076228	31.413052	167.56073	-3.348995	-1.753672838	0.13630873	-0.9906664	85	3	84	1835	1.2765957	126.174995	9.045083	3	4	0	4	4.89034912822175
1055	0	186477.5	6850627.5	1011.807573	28.646225	185.48221	0.7245911	-0.27155152	-0.18941128	0.98189783	76	3	93	1250	1.5217391	156.9851	12.837445	3	3	1	1	5.08759633523238
1056	0	121852.5	6788642.5	1019.51875	31.399145	154.6694	-4.599773	3.261076927	-0.07851079	-0.99691325	0	3	11	791	1.1224489	126.3152	6.419511	3	4	0	4	5.01727983681492
1057	0	157542.5	6743557.5	746.006394	30.050331	157.12955	3.2145696	-1.34682703	-0.51524824	-0.857041	98	2	183	745	1.3333334	124.1086	8.729976	1	4	0	5	3.36729582998647
1063	0	213127.5	6937422.5	972.7871338	24.434874	121.546486	1.0223297	0.706196845	-0.24969606	0.96832424	37	3	70	991	1.2307693	95.0048	10.546251	3	4	1	1	6.82219739062049
1067	0	236932.5	6778667.5	846.0137476	23.021885	107.301094	-0.63019335	-0.5293926	0.3460974	0.93819857	95	1	169	1430	1.2692307	131.8958	18.541803	2	2	0	1	3.91202300542815
1068	0	148482.5	6880047.5	704.6037402	34.272575	204.75504	-1.5726764	3.530692816	0.089975014	-0.995944	95	3	72	1902	1.264151	81.311295	9.698254	3	4	1	4	5.16478597392351
1070	0	175022.5	6874497.5	637.4027612	34.92013	207.61697	-2.6305468	0.577509761	-0.62762445	-0.77851623	70	2	98	654	1.5925926	113.7847	11.821995	2	4	0	1	5.07517381523383
1071	0	188772.5	6751297.5	1030.237188	41.978138	166.86162	-11.140425	5.933364391	-0.7634259	-0.6458955	89	3	78	1758	1.1964285	148.617	11.012378	2	5	1	1	5.78689738136671
1072	0	207207.5	6851362.5	764.9603271	44.88974	192.50974	0.17434068	0.325287938	0.9832362	0.18233643	84	1	143	1218	1.4285715	169.10829	12.6954155	1	4	0	5	3.25809653802148
1073	0	204817.5	6861742.5	696.7555908	32.54262	182.57408	6.7430773	-2.005340576	0.24888039	0.96853423	87	1	157	1176	1.5609756	124.5641	14.078935	2	2	1	1	8.52833093582669
1074	0	208812.5	6852707.5	800.1801001	33.286804	190.81718	-2.6143847	4.13915062	-0.84413254	-0.53613454	100	1	169	1877	1.45	155.7825	11.107269	2	2	1	1	4.24849524204936
1075	0	152477.5	6914412.5	865.9233179	31.598732	185.83812	1.0159981	-0.580281198	-0.9923682	0.12330969	54	3	95	702	1.1212121	102.017	11.212856	3	4	0	1	3.09104245335832
1077	0	109322.5	6791307.5	923.6910229	38.916267	163.95285	-0.12885235	-1.331987143	-0.9999848	-0.005515535	98	3	112	1516	1.0655738	99.951004	6.6476083	1	4	1	5	6.99393297522319
1078	0	202252.5	6863127.5	585.5897095	28.84021	182.94124	-0.46699315	1.533465862	0.39963603	0.9166739	98	2	147	1063	1.8461539	115.2152	12.390191	3	4	1	2	3.29583686600433
1079	0	153787.5	6867872.5	847.3414575	38.511383	193.46155	3.9655747	-1.719034553	0.608423	-0.7936129	84	3	65	2041	1.3030303	78.2569	10.570004	3	2	1	1	6.26909628370626
1080	0	181202.5	6873612.5	545.2846021	26.001839	202.87717	3.2790866	0.69294405	0.19469745	-0.98086333	90	2	141	1101	1.8	114.6859	9.724051	2	5	0	1	3.98898404656427
1081	0	204292.5	6863712.5	623.0382544	33.57796	177.4636	-1.3996376	0.224200293	-0.5201507	-0.8540745	100	2	179	1137	1.7058823	113.0293	13.300134	1	2	0	5	6.16331480403464
1082	0	186397.5	6876697.5	561.2360083	34.446587	198.27689	0.5779174	-5.091584682	-0.7030019	-0.71118796	96	3	119	1697	1.6666666	106.342804	10.278843	3	3	0	1	4.66343909411207
1083	0	209997.5	6859882.5	765.499541	31.962818	178.86967	1.2505367	-0.179092169	-0.07728522	0.99700904	98	2	145	963	1.65625	127.4223	15.307013	2	3	0	3	3.29583686600433
1084	0	186927.5	6852982.5	716.4788965	34.84399	189.24817	4.5105906	-8.049184799	-0.10920239	0.9940195	79	2	137	604	1.7142857	147.73491	12.670717	3	2	0	2	6.16120732169508
1085	0	182437.5	6873422.5	570.8176221	35.1995	203.84761	0.73549634	1.733035326	-0.57675976	-0.81691384	42	2	87	355	1.625	115.9402	9.330161	1	2	1	5	5.38449506278909
1087	0	280777.5	6869572.5	709.5843359	21.478714	132.79626	5.968079	1.380725384	-0.99318576	0.116542034	46	2	117	348	1.45	113.177505	12.413921	2	4	1	1	3.61091791264422
1088	0	172312.5	6793472.5	658.4899976	22.622726	136.17049	1.4600585	0.800898314	-0.105708234	-0.99439716	56	1	142	966	1.4722222	102.8851	14.801854	2	2	0	1	5.40717177146012
1089	0	194437.5	6766262.5	649.0020605	26.92995	153.82109	0.58024174	-0.139445737	-0.20204613	0.979376	98	1	189	1394	1.4117647	129.9181	18.589943	2	4	1	1	4.31748811353631
1090	0	272432.5	6716482.5	662.2902051	24.89966	144.56764	0.021855317	-1.484560728	-0.7892137	-0.61411864	6	2	54	215	1.7234043	141.1591	11.129082	2	4	1	1	2.70805020110221
1091	0	262287.5	6703537.5	703.8246021	22.4622	132.34602	0.7704799	1.694542408	0.9711098	0.23863311	81	1	172	1027	1.7916666	133.24109	16.400414	2	4	1	1	2.39789527279837
1093	0	261842.5	6702727.5	713.3361108	27.845165	132.5375	0.19467394	1.456841946	0.35415772	-0.93518573	100	1	177	1516	1.7916666	126.1556	16.586697	2	4	1	1	6.85751406254539
1094	0	219117.5	6852222.5	540.9381567	28.375416	147.78267	-0.7201849	0.642324865	0.1830847	0.98309714	96	1	147	1851	1.4444444	113.6172	12.015544	3	2	0	1	2.19722457733622
1095	0	249912.5	6686342.5	653.9540405	25.645569	124.98184	-0.26677787	-1.920664549	0.10187389	-0.99479735	1	1	46	864	1.6382979	113.291	13.716091	2	2	0	1	4.85203026391962
1103	0	220192.5	6919742.5	924.2727832	33.37399	120.99479	2.1866384	0.742976129	0.9976955	0.06785047	92	3	103	909	1.3777778	87.4791	10.835138	2	2	0	1	2.89037175789616
1107	0	293732.5	6877912.5	733.5902954	23.939981	94.990364	0.85080445	0.59740603	0.96744317	-0.25308836	28	2	89	312	1.32	78.9706	9.898189	2	4	1	1	3.63758615972639
1111	0	248347.5	6901222.5	686.5872363	22.461807	106.15209	-0.76540726	0.540168881	0.10040446	-0.9949467	93	2	152	950	1.5517242	83.462204	14.023341	3	3	1	2	1.94591014905531
1112	0	291572.5	6871327.5	636.1005469	27.043709	102.89975	0.038193643	0.946885049	0.87725425	0.48002598	67	2	119	615	1.2857143	82.47	8.150865	1	4	1	5	4.91998092582813
1126	0	185712.5	6914812.5	1099.250073	29.49383	165.92111	1.7816653	-0.664916754	0.3891691	-0.92116636	3	3	41	71	1.4	131.83301	8.002825	2	4	0	1	5.82008293035236
1127	0	106657.5	6789362.5	946.6076367	32.27152	161.43124	-3.2375433	2.968960524	0.7340264	0.67912096	68	3	99	782	1.0892857	95.7292	7.9424863	3	4	0	4	4.45434729625351
1128	0	197402.5	6873112.5	769.5308398	32.059177	199.96193	-0.6716505	-0.529072404	-0.39904064	-0.91693324	100	2	171	1505	1.6486486	120.0386	10.062651	2	4	1	5	4.93447393313069
1129	0	204902.5	6853092.5	736.3105737	37.506004	196.45341	4.463692	-0.831151724	-0.3458392	0.9382938	81	1	208	739	1.72	165.50461	12.755691	3	4	1	1	11.7040250485757
1130	0	216737.5	6753962.5	416.4094824	23.952824	154.48036	3.5774398	0.215340108	-0.16769935	-0.9858382	93	1	157	1323	1.2571429	150.7421	10.424866	3	4	1	1	8.06117135969092
1131	0	205867.5	6754327.5	520.0762817	28.143223	163.68231	8.797499	-2.181856871	0.21398038	0.97683793	48	1	128	985	1.4827586	146.2178	10.098447	2	4	1	1	9.84924253768373
1132	0	246432.5	6713142.5	194.9442834	19.123617	148.40778	1.397803	-1.210663795	0.9554143	-0.2952685	96	1	267	878	1.6666666	140.7736	15.618942	3	4	0	2	7.77779262633883
1133	0	167087.5	6742557.5	479.732345	22.787958	153.20178	2.0575101	-1.711806178	-0.47421548	0.8804088	100	1	145	1896	1.5	119.0837	8.99745	3	4	1	1	7.16780918431644
1134	0	174832.5	6727607.5	483.1096094	47.428158	146.77583	-8.460143	19.09659958	-0.72879046	0.6847367	100	1	178	1217	1.4285715	116.9132	9.443933	2	5	0	4	10.9616944265692
1135	0	208002.5	6697127.5	552.3746509	42.504097	131.55266	14.401925	-4.561033726	0.84812164	0.5298016	85	1	203	513	1.2857143	120.3588	15.754352	2	4	1	1	6.67076632084587
1139	0	191702.5	6853297.5	635.0258252	34.46495	194.50046	-0.4297556	-0.043564193	0.1869232	0.98237455	96	2	131	1090	1.6666666	151.1791	11.692161	3	4	1	2	1.79175946922805
1140	0	283612.5	6726757.5	610.4104834	30.60048	132.53848	3.5550573	-1.247003317	0.07695598	0.9970345	87	1	243	750	1.5	142.5008	13.670482	2	4	1	1	3.95124371858143
1142	0	182387.5	6724772.5	690.4483521	22.764168	136.64012	1.512786	-1.197487473	-0.97836137	0.20690344	100	1	208	1204	1.2682927	113.4544	9.820183	2	4	0	1	4.79579054559674
